Id,ActivityHour,HR_Mean,HR_Min,HR_Max,HR_Readings
2022484408,2016-04-12 07:00:00,83.2,52,108,265
2022484408,2016-04-12 08:00:00,68.6,54,112,379
2022484408,2016-04-12 09:00:00,66.4,55,105,383
2022484408,2016-04-12 10:00:00,106.7,60,134,479
2022484408,2016-04-12 11:00:00,67.8,55,90,408
2022484408,2016-04-12 12:00:00,66.2,56,89,386
2022484408,2016-04-12 13:00:00,83.7,60,112,208
2022484408,2016-04-12 14:00:00,80.6,59,107,454
2022484408,2016-04-12 15:00:00,68.3,59,112,364
2022484408,2016-04-12 16:00:00,71.0,54,105,416
2022484408,2016-04-12 17:00:00,69.9,55,98,424
2022484408,2016-04-12 18:00:00,76.4,59,97,378
2022484408,2016-04-12 19:00:00,74.9,66,90,292
2022484408,2016-04-13 07:00:00,79.2,54,119,333
2022484408,2016-04-13 08:00:00,75.8,56,104,424
2022484408,2016-04-13 09:00:00,117.6,74,156,475
2022484408,2016-04-13 10:00:00,68.7,56,84,404
2022484408,2016-04-13 11:00:00,72.5,51,94,459
2022484408,2016-04-13 12:00:00,81.2,61,112,376
2022484408,2016-04-13 13:00:00,70.1,57,89,367
2022484408,2016-04-13 14:00:00,86.7,54,118,480
2022484408,2016-04-13 15:00:00,71.9,53,99,413
2022484408,2016-04-13 16:00:00,71.3,55,110,393
2022484408,2016-04-13 17:00:00,74.2,57,96,438
2022484408,2016-04-13 18:00:00,86.0,68,120,406
2022484408,2016-04-13 19:00:00,82.4,67,110,364
2022484408,2016-04-14 07:00:00,88.4,79,103,98
2022484408,2016-04-14 08:00:00,71.2,54,102,400
2022484408,2016-04-14 09:00:00,69.1,56,101,395
2022484408,2016-04-14 10:00:00,63.8,52,87,445
2022484408,2016-04-14 11:00:00,66.5,54,92,397
2022484408,2016-04-14 12:00:00,71.8,63,80,393
2022484408,2016-04-14 13:00:00,70.0,59,99,441
2022484408,2016-04-14 14:00:00,87.1,65,118,548
2022484408,2016-04-14 15:00:00,63.9,50,94,403
2022484408,2016-04-14 16:00:00,68.6,52,101,438
2022484408,2016-04-14 17:00:00,69.4,54,101,454
2022484408,2016-04-14 18:00:00,87.5,53,127,502
2022484408,2016-04-14 19:00:00,71.1,55,104,414
2022484408,2016-04-14 20:00:00,73.6,59,88,232
2022484408,2016-04-15 07:00:00,90.8,68,121,176
2022484408,2016-04-15 08:00:00,73.3,56,99,451
2022484408,2016-04-15 09:00:00,117.1,74,189,525
2022484408,2016-04-15 10:00:00,83.4,61,116,364
2022484408,2016-04-15 11:00:00,76.6,59,98,398
2022484408,2016-04-15 12:00:00,70.1,62,88,388
2022484408,2016-04-15 13:00:00,83.3,63,106,466
2022484408,2016-04-15 14:00:00,81.6,61,116,452
2022484408,2016-04-15 15:00:00,72.5,59,99,413
2022484408,2016-04-15 16:00:00,79.5,56,112,480
2022484408,2016-04-15 17:00:00,72.5,58,111,455
2022484408,2016-04-15 18:00:00,67.6,53,93,440
2022484408,2016-04-15 19:00:00,72.9,55,94,294
2022484408,2016-04-16 07:00:00,94.1,73,107,44
2022484408,2016-04-16 08:00:00,90.7,70,123,148
2022484408,2016-04-16 09:00:00,102.2,59,136,449
2022484408,2016-04-16 10:00:00,68.1,53,112,443
2022484408,2016-04-16 11:00:00,67.9,55,94,400
2022484408,2016-04-16 12:00:00,67.3,49,98,428
2022484408,2016-04-16 13:00:00,76.0,59,107,470
2022484408,2016-04-16 14:00:00,71.6,55,105,441
2022484408,2016-04-16 15:00:00,68.2,53,86,312
2022484408,2016-04-16 16:00:00,70.0,70,70,4
2022484408,2016-04-16 20:00:00,73.0,73,73,2
2022484408,2016-04-16 21:00:00,73.0,73,73,2
2022484408,2016-04-17 08:00:00,76.6,53,99,299
2022484408,2016-04-17 09:00:00,113.8,66,161,447
2022484408,2016-04-17 10:00:00,98.5,73,116,426
2022484408,2016-04-17 11:00:00,91.0,72,108,400
2022484408,2016-04-17 12:00:00,72.3,60,84,281
2022484408,2016-04-17 13:00:00,78.4,67,101,250
2022484408,2016-04-17 14:00:00,84.8,61,111,518
2022484408,2016-04-17 15:00:00,77.4,57,104,467
2022484408,2016-04-17 16:00:00,75.9,52,110,452
2022484408,2016-04-17 17:00:00,80.3,54,114,483
2022484408,2016-04-17 18:00:00,78.8,61,105,389
2022484408,2016-04-17 19:00:00,73.1,64,93,345
2022484408,2016-04-17 20:00:00,73.8,68,81,191
2022484408,2016-04-18 06:00:00,71.1,54,99,110
2022484408,2016-04-18 07:00:00,86.2,56,118,410
2022484408,2016-04-18 08:00:00,79.4,55,107,444
2022484408,2016-04-18 09:00:00,126.8,54,153,525
2022484408,2016-04-18 10:00:00,83.5,69,107,375
2022484408,2016-04-18 11:00:00,74.0,67,88,365
2022484408,2016-04-18 12:00:00,69.1,57,96,443
2022484408,2016-04-18 13:00:00,70.8,58,103,425
2022484408,2016-04-18 14:00:00,87.6,63,114,459
2022484408,2016-04-18 15:00:00,74.7,58,98,415
2022484408,2016-04-18 16:00:00,84.8,69,113,203
2022484408,2016-04-18 17:00:00,78.9,58,114,400
2022484408,2016-04-18 18:00:00,77.4,55,100,428
2022484408,2016-04-18 19:00:00,79.5,65,98,419
2022484408,2016-04-18 20:00:00,70.5,62,82,168
2022484408,2016-04-19 09:00:00,73.9,54,104,407
2022484408,2016-04-19 10:00:00,70.3,56,105,426
2022484408,2016-04-19 11:00:00,71.4,56,106,432
2022484408,2016-04-19 12:00:00,70.7,54,101,436
2022484408,2016-04-19 13:00:00,78.5,65,110,414
2022484408,2016-04-19 14:00:00,90.3,61,113,427
2022484408,2016-04-19 15:00:00,81.9,63,110,424
2022484408,2016-04-19 16:00:00,116.3,66,162,446
2022484408,2016-04-19 17:00:00,81.1,70,101,434
2022484408,2016-04-19 18:00:00,84.6,70,104,386
2022484408,2016-04-19 19:00:00,80.5,70,98,268
2022484408,2016-04-20 06:00:00,67.6,56,81,397
2022484408,2016-04-20 07:00:00,79.4,56,116,382
2022484408,2016-04-20 08:00:00,77.1,57,109,462
2022484408,2016-04-20 09:00:00,125.5,72,166,502
2022484408,2016-04-20 10:00:00,69.6,50,87,398
2022484408,2016-04-20 11:00:00,72.9,56,96,393
2022484408,2016-04-20 12:00:00,90.8,62,116,398
2022484408,2016-04-20 13:00:00,78.0,62,112,376
2022484408,2016-04-20 14:00:00,94.2,54,119,441
2022484408,2016-04-20 15:00:00,84.0,58,106,448
2022484408,2016-04-20 16:00:00,79.8,59,116,430
2022484408,2016-04-20 17:00:00,79.9,63,108,404
2022484408,2016-04-20 18:00:00,85.2,72,109,368
2022484408,2016-04-20 19:00:00,75.6,64,99,430
2022484408,2016-04-20 20:00:00,79.4,59,98,211
2022484408,2016-04-21 07:00:00,85.9,57,103,356
2022484408,2016-04-21 08:00:00,63.1,54,107,391
2022484408,2016-04-21 09:00:00,66.4,53,105,446
2022484408,2016-04-21 10:00:00,106.1,63,150,470
2022484408,2016-04-21 11:00:00,93.2,65,128,505
2022484408,2016-04-21 12:00:00,94.9,66,126,433
2022484408,2016-04-21 13:00:00,77.7,68,102,365
2022484408,2016-04-21 14:00:00,100.8,73,121,405
2022484408,2016-04-21 15:00:00,84.3,63,125,420
2022484408,2016-04-21 16:00:00,107.5,66,203,352
2022484408,2016-04-21 17:00:00,93.8,61,203,402
2022484408,2016-04-21 18:00:00,76.9,59,102,434
2022484408,2016-04-21 19:00:00,75.2,64,91,405
2022484408,2016-04-21 20:00:00,74.9,61,98,156
2022484408,2016-04-21 21:00:00,68.0,68,68,2
2022484408,2016-04-21 22:00:00,70.0,70,70,2
2022484408,2016-04-22 06:00:00,66.4,57,117,234
2022484408,2016-04-22 07:00:00,84.0,57,118,303
2022484408,2016-04-22 08:00:00,72.9,57,104,396
2022484408,2016-04-22 09:00:00,119.5,62,153,508
2022484408,2016-04-22 10:00:00,91.4,66,137,352
2022484408,2016-04-22 11:00:00,74.8,54,113,443
2022484408,2016-04-22 12:00:00,80.6,64,105,403
2022484408,2016-04-22 13:00:00,87.3,71,111,378
2022484408,2016-04-22 14:00:00,86.6,64,101,431
2022484408,2016-04-22 15:00:00,70.1,56,94,381
2022484408,2016-04-22 16:00:00,65.6,53,77,376
2022484408,2016-04-22 17:00:00,61.7,52,81,382
2022484408,2016-04-22 18:00:00,67.6,54,89,410
2022484408,2016-04-22 19:00:00,79.4,58,102,417
2022484408,2016-04-22 20:00:00,77.3,67,108,222
2022484408,2016-04-23 12:00:00,70.6,52,93,195
2022484408,2016-04-23 13:00:00,80.0,52,107,448
2022484408,2016-04-23 14:00:00,66.8,50,93,405
2022484408,2016-04-23 15:00:00,74.0,50,103,402
2022484408,2016-04-23 16:00:00,72.4,54,104,390
2022484408,2016-04-23 17:00:00,75.8,64,95,394
2022484408,2016-04-23 18:00:00,74.7,58,101,408
2022484408,2016-04-23 19:00:00,71.6,53,109,445
2022484408,2016-04-23 20:00:00,68.0,56,87,434
2022484408,2016-04-23 21:00:00,65.8,54,86,389
2022484408,2016-04-23 22:00:00,66.8,57,80,268
2022484408,2016-04-24 08:00:00,107.7,58,158,314
2022484408,2016-04-24 09:00:00,109.0,70,163,394
2022484408,2016-04-24 10:00:00,78.2,63,100,335
2022484408,2016-04-24 11:00:00,76.4,62,106,358
2022484408,2016-04-24 12:00:00,74.4,59,115,410
2022484408,2016-04-24 13:00:00,86.0,67,113,392
2022484408,2016-04-24 14:00:00,74.4,60,95,406
2022484408,2016-04-24 15:00:00,82.3,59,112,478
2022484408,2016-04-24 16:00:00,68.9,63,78,360
2022484408,2016-04-24 17:00:00,73.7,56,104,330
2022484408,2016-04-24 18:00:00,77.8,53,106,394
2022484408,2016-04-24 19:00:00,81.7,70,83,32
2022484408,2016-04-24 20:00:00,70.0,70,70,6
2022484408,2016-04-25 07:00:00,83.8,68,113,218
2022484408,2016-04-25 08:00:00,70.9,53,95,422
2022484408,2016-04-25 09:00:00,128.7,82,159,516
2022484408,2016-04-25 10:00:00,79.5,68,100,120
2022484408,2016-04-25 13:00:00,106.2,90,115,36
2022484408,2016-04-25 14:00:00,86.1,62,108,531
2022484408,2016-04-25 15:00:00,66.9,53,92,389
2022484408,2016-04-25 16:00:00,68.7,49,96,422
2022484408,2016-04-25 17:00:00,69.2,53,92,401
2022484408,2016-04-25 18:00:00,72.8,57,92,346
2022484408,2016-04-25 19:00:00,80.2,53,105,388
2022484408,2016-04-25 20:00:00,93.0,91,97,23
2022484408,2016-04-26 07:00:00,75.2,58,100,352
2022484408,2016-04-26 08:00:00,60.5,51,80,377
2022484408,2016-04-26 09:00:00,77.6,54,112,438
2022484408,2016-04-26 10:00:00,127.4,96,154,479
2022484408,2016-04-26 11:00:00,98.7,67,146,463
2022484408,2016-04-26 12:00:00,89.0,64,108,424
2022484408,2016-04-26 13:00:00,76.2,68,89,313
2022484408,2016-04-26 14:00:00,84.0,63,118,419
2022484408,2016-04-26 15:00:00,84.9,61,114,377
2022484408,2016-04-26 16:00:00,75.7,57,111,400
2022484408,2016-04-26 17:00:00,73.2,56,104,402
2022484408,2016-04-26 18:00:00,77.9,62,92,392
2022484408,2016-04-26 19:00:00,77.9,60,98,590
2022484408,2016-04-26 20:00:00,63.3,54,74,160
2022484408,2016-04-27 09:00:00,91.2,59,145,538
2022484408,2016-04-27 10:00:00,89.6,67,112,443
2022484408,2016-04-27 11:00:00,63.5,51,87,386
2022484408,2016-04-27 12:00:00,75.8,56,105,428
2022484408,2016-04-27 13:00:00,81.8,38,111,389
2022484408,2016-04-27 14:00:00,89.7,68,112,411
2022484408,2016-04-27 15:00:00,69.6,57,107,409
2022484408,2016-04-27 16:00:00,74.7,61,96,418
2022484408,2016-04-27 17:00:00,72.5,54,101,436
2022484408,2016-04-27 18:00:00,94.6,55,115,418
2022484408,2016-04-27 19:00:00,85.2,73,124,161
2022484408,2016-04-27 20:00:00,70.0,70,70,4
2022484408,2016-04-28 07:00:00,74.0,56,96,192
2022484408,2016-04-28 08:00:00,77.0,54,98,487
2022484408,2016-04-28 09:00:00,67.9,51,88,438
2022484408,2016-04-28 10:00:00,70.2,52,103,475
2022484408,2016-04-28 11:00:00,69.9,55,88,473
2022484408,2016-04-28 12:00:00,81.7,55,114,470
2022484408,2016-04-28 13:00:00,64.9,55,80,371
2022484408,2016-04-28 14:00:00,78.8,56,105,478
2022484408,2016-04-28 15:00:00,64.8,54,84,391
2022484408,2016-04-28 16:00:00,68.3,52,95,444
2022484408,2016-04-28 17:00:00,67.9,54,92,436
2022484408,2016-04-28 18:00:00,68.3,57,82,410
2022484408,2016-04-28 19:00:00,68.3,60,84,365
2022484408,2016-04-28 20:00:00,76.4,67,88,131
2022484408,2016-04-29 08:00:00,67.2,51,102,395
2022484408,2016-04-29 09:00:00,108.4,65,134,501
2022484408,2016-04-29 10:00:00,89.6,69,108,472
2022484408,2016-04-29 11:00:00,84.3,70,105,458
2022484408,2016-04-29 12:00:00,87.4,69,115,329
2022484408,2016-04-29 13:00:00,91.1,72,115,410
2022484408,2016-04-29 14:00:00,96.1,67,117,420
2022484408,2016-04-29 15:00:00,67.2,52,107,392
2022484408,2016-04-29 16:00:00,69.5,50,103,427
2022484408,2016-04-29 17:00:00,72.7,55,92,385
2022484408,2016-04-29 18:00:00,76.3,64,106,368
2022484408,2016-04-29 19:00:00,82.8,65,118,275
2022484408,2016-04-30 06:00:00,81.9,64,95,102
2022484408,2016-04-30 07:00:00,64.8,51,91,387
2022484408,2016-04-30 08:00:00,67.2,60,77,355
2022484408,2016-04-30 09:00:00,66.9,58,76,353
2022484408,2016-04-30 10:00:00,82.2,62,104,466
2022484408,2016-04-30 11:00:00,73.4,52,102,416
2022484408,2016-04-30 12:00:00,79.2,58,107,443
2022484408,2016-04-30 13:00:00,85.1,67,103,476
2022484408,2016-04-30 14:00:00,81.8,62,110,443
2022484408,2016-04-30 15:00:00,77.9,60,105,480
2022484408,2016-04-30 16:00:00,90.2,62,121,497
2022484408,2016-04-30 17:00:00,77.0,58,114,378
2022484408,2016-04-30 18:00:00,85.3,58,123,207
2022484408,2016-04-30 19:00:00,71.5,59,94,429
2022484408,2016-04-30 20:00:00,77.5,65,88,48
2022484408,2016-04-30 21:00:00,79.0,79,79,6
2022484408,2016-05-01 06:00:00,77.3,64,102,194
2022484408,2016-05-01 07:00:00,72.0,58,95,335
2022484408,2016-05-01 08:00:00,64.9,58,74,349
2022484408,2016-05-01 09:00:00,62.4,51,94,383
2022484408,2016-05-01 10:00:00,98.7,63,118,400
2022484408,2016-05-01 11:00:00,65.6,45,110,357
2022484408,2016-05-01 12:00:00,61.1,44,86,383
2022484408,2016-05-01 13:00:00,61.3,49,76,109
2022484408,2016-05-01 14:00:00,71.0,55,112,172
2022484408,2016-05-01 15:00:00,72.2,47,113,379
2022484408,2016-05-01 16:00:00,67.3,47,99,362
2022484408,2016-05-01 17:00:00,76.7,50,99,407
2022484408,2016-05-01 18:00:00,77.5,65,100,400
2022484408,2016-05-01 19:00:00,98.4,80,114,252
2022484408,2016-05-02 07:00:00,72.1,56,110,351
2022484408,2016-05-02 08:00:00,69.9,59,99,362
2022484408,2016-05-02 09:00:00,85.6,54,118,475
2022484408,2016-05-02 10:00:00,86.4,65,122,493
2022484408,2016-05-02 11:00:00,65.2,52,91,406
2022484408,2016-05-02 12:00:00,78.3,57,103,438
2022484408,2016-05-02 13:00:00,82.5,64,137,374
2022484408,2016-05-02 14:00:00,101.0,66,120,456
2022484408,2016-05-02 15:00:00,70.2,55,88,369
2022484408,2016-05-02 16:00:00,74.2,53,96,429
2022484408,2016-05-02 17:00:00,74.1,50,115,1127
2022484408,2016-05-02 18:00:00,76.8,56,113,1543
2022484408,2016-05-02 19:00:00,72.4,51,136,991
2022484408,2016-05-03 07:00:00,100.3,92,109,75
2022484408,2016-05-03 08:00:00,72.3,53,116,401
2022484408,2016-05-03 09:00:00,65.9,51,88,393
2022484408,2016-05-03 10:00:00,113.4,75,147,499
2022484408,2016-05-03 11:00:00,80.6,63,116,486
2022484408,2016-05-03 12:00:00,77.6,56,104,395
2022484408,2016-05-03 13:00:00,77.3,65,109,380
2022484408,2016-05-03 14:00:00,96.6,65,169,484
2022484408,2016-05-03 15:00:00,80.3,65,121,391
2022484408,2016-05-03 16:00:00,97.9,64,134,462
2022484408,2016-05-03 17:00:00,75.8,60,104,474
2022484408,2016-05-03 18:00:00,74.3,56,87,406
2022484408,2016-05-03 19:00:00,77.5,68,102,376
2022484408,2016-05-03 20:00:00,77.1,60,103,391
2022484408,2016-05-03 21:00:00,72.9,66,80,95
2022484408,2016-05-04 06:00:00,75.6,62,84,56
2022484408,2016-05-04 07:00:00,79.1,66,110,379
2022484408,2016-05-04 08:00:00,73.7,61,100,368
2022484408,2016-05-04 09:00:00,96.6,69,159,447
2022484408,2016-05-04 10:00:00,97.5,71,123,461
2022484408,2016-05-04 11:00:00,81.7,64,108,452
2022484408,2016-05-04 12:00:00,80.8,61,110,388
2022484408,2016-05-04 13:00:00,80.6,61,103,394
2022484408,2016-05-04 14:00:00,101.4,68,145,480
2022484408,2016-05-04 15:00:00,78.2,67,100,449
2022484408,2016-05-04 16:00:00,81.8,64,113,1135
2022484408,2016-05-04 17:00:00,72.4,57,94,240
2022484408,2016-05-04 18:00:00,73.0,54,101,429
2022484408,2016-05-04 19:00:00,75.5,55,115,394
2022484408,2016-05-04 20:00:00,71.1,54,98,153
2022484408,2016-05-05 08:00:00,82.7,63,115,173
2022484408,2016-05-05 09:00:00,87.2,64,128,515
2022484408,2016-05-05 10:00:00,109.1,68,156,507
2022484408,2016-05-05 11:00:00,80.0,65,97,438
2022484408,2016-05-05 12:00:00,74.7,61,95,448
2022484408,2016-05-05 13:00:00,66.5,55,87,394
2022484408,2016-05-05 14:00:00,86.1,61,111,514
2022484408,2016-05-05 15:00:00,87.5,62,114,420
2022484408,2016-05-05 16:00:00,78.6,58,103,545
2022484408,2016-05-05 17:00:00,78.2,64,98,528
2022484408,2016-05-05 18:00:00,77.1,64,104,1421
2022484408,2016-05-05 19:00:00,70.9,62,93,601
2022484408,2016-05-05 20:00:00,74.5,59,90,245
2022484408,2016-05-06 09:00:00,85.5,69,118,460
2022484408,2016-05-06 10:00:00,88.1,66,111,507
2022484408,2016-05-06 11:00:00,88.6,67,116,500
2022484408,2016-05-06 12:00:00,75.9,62,98,393
2022484408,2016-05-06 13:00:00,85.9,65,101,321
2022484408,2016-05-06 14:00:00,95.1,67,113,433
2022484408,2016-05-06 15:00:00,76.3,61,100,401
2022484408,2016-05-06 16:00:00,76.9,65,102,409
2022484408,2016-05-06 17:00:00,71.6,60,91,378
2022484408,2016-05-06 18:00:00,73.1,61,91,410
2022484408,2016-05-06 19:00:00,71.5,62,82,385
2022484408,2016-05-06 20:00:00,76.5,67,90,367
2022484408,2016-05-06 21:00:00,92.3,64,115,394
2022484408,2016-05-07 08:00:00,87.0,87,87,2
2022484408,2016-05-07 09:00:00,79.3,55,123,318
2022484408,2016-05-07 10:00:00,85.1,56,126,504
2022484408,2016-05-07 11:00:00,76.6,53,113,429
2022484408,2016-05-07 12:00:00,69.9,53,89,414
2022484408,2016-05-07 13:00:00,78.7,62,96,284
2022484408,2016-05-07 19:00:00,78.5,54,128,299
2022484408,2016-05-07 20:00:00,62.2,52,93,344
2022484408,2016-05-07 21:00:00,70.0,70,70,2
2022484408,2016-05-08 08:00:00,108.8,104,127,53
2022484408,2016-05-08 09:00:00,91.2,68,116,72
2022484408,2016-05-08 10:00:00,74.2,59,101,399
2022484408,2016-05-08 11:00:00,74.0,57,98,411
2022484408,2016-05-08 12:00:00,74.9,53,111,418
2022484408,2016-05-08 13:00:00,73.1,59,91,299
2022484408,2016-05-08 14:00:00,100.4,84,113,68
2022484408,2016-05-09 06:00:00,72.7,59,96,346
2022484408,2016-05-09 07:00:00,74.9,53,100,375
2022484408,2016-05-09 08:00:00,74.8,56,104,450
2022484408,2016-05-09 09:00:00,86.1,56,132,504
2022484408,2016-05-09 10:00:00,100.8,66,125,484
2022484408,2016-05-09 11:00:00,69.1,59,89,402
2022484408,2016-05-09 12:00:00,74.2,62,104,345
2022484408,2016-05-09 13:00:00,73.3,66,96,386
2022484408,2016-05-09 14:00:00,96.4,64,115,481
2022484408,2016-05-09 15:00:00,93.8,60,133,850
2022484408,2016-05-09 16:00:00,78.4,61,107,407
2022484408,2016-05-09 17:00:00,73.7,62,92,382
2022484408,2016-05-09 18:00:00,75.0,51,92,367
2022484408,2016-05-09 19:00:00,75.3,59,100,376
2022484408,2016-05-09 20:00:00,70.6,57,92,94
2022484408,2016-05-10 08:00:00,81.5,62,121,77
2022484408,2016-05-10 09:00:00,72.8,57,113,388
2022484408,2016-05-10 10:00:00,114.2,57,163,510
2022484408,2016-05-10 11:00:00,100.3,70,166,476
2022484408,2016-05-10 12:00:00,74.3,61,93,460
2022484408,2016-05-10 13:00:00,87.4,72,105,380
2022484408,2016-05-10 14:00:00,93.3,62,121,461
2022484408,2016-05-10 15:00:00,77.2,61,96,457
2022484408,2016-05-10 16:00:00,77.5,66,109,384
2022484408,2016-05-10 17:00:00,84.4,61,109,450
2022484408,2016-05-10 18:00:00,80.5,61,93,406
2022484408,2016-05-10 19:00:00,83.8,75,100,404
2022484408,2016-05-10 20:00:00,80.1,70,104,41
2022484408,2016-05-11 09:00:00,70.5,59,101,46
2022484408,2016-05-11 10:00:00,68.3,55,86,378
2022484408,2016-05-11 11:00:00,106.2,78,138,482
2022484408,2016-05-11 12:00:00,79.1,66,107,336
2022484408,2016-05-11 13:00:00,65.9,57,85,362
2022484408,2016-05-11 14:00:00,98.6,67,120,457
2022484408,2016-05-11 15:00:00,77.7,61,105,492
2022484408,2016-05-11 16:00:00,82.4,59,131,497
2022484408,2016-05-11 17:00:00,89.6,71,112,461
2022484408,2016-05-11 18:00:00,78.7,62,108,407
2022484408,2016-05-11 19:00:00,80.5,68,100,325
2022484408,2016-05-11 20:00:00,84.0,70,98,4
2022484408,2016-05-12 07:00:00,78.8,58,105,251
2022484408,2016-05-12 08:00:00,72.1,56,99,406
2022484408,2016-05-12 09:00:00,89.8,62,152,472
2022484408,2016-05-12 10:00:00,93.9,64,129,478
2022484408,2016-05-12 11:00:00,72.1,60,87,431
2022484408,2016-05-12 12:00:00,73.2,57,101,415
2022484408,2016-05-12 13:00:00,83.8,60,112,341
2022484408,2016-05-12 14:00:00,86.4,56,112,397
2022484408,2016-05-12 15:00:00,78.9,55,104,336
2026352035,2016-04-17 05:00:00,67.2,63,73,146
2026352035,2016-04-17 06:00:00,73.3,68,80,46
2026352035,2016-04-25 09:00:00,105.1,70,115,136
2026352035,2016-04-25 10:00:00,95.7,83,110,313
2026352035,2016-04-25 11:00:00,105.9,93,125,67
2026352035,2016-05-02 18:00:00,91.4,70,122,134
2026352035,2016-05-02 19:00:00,81.9,70,93,237
2026352035,2016-05-02 20:00:00,77.1,72,81,54
2026352035,2016-05-02 22:00:00,73.0,73,73,6
2026352035,2016-05-09 16:00:00,103.7,70,123,349
2026352035,2016-05-09 17:00:00,102.7,89,116,413
2026352035,2016-05-09 18:00:00,92.1,73,116,368
2026352035,2016-05-09 19:00:00,91.5,74,108,221
2347167796,2016-04-12 07:00:00,82.1,68,121,314
2347167796,2016-04-12 08:00:00,95.7,58,172,443
2347167796,2016-04-12 09:00:00,83.2,70,109,386
2347167796,2016-04-12 10:00:00,78.1,63,105,365
2347167796,2016-04-12 11:00:00,86.9,57,119,400
2347167796,2016-04-12 12:00:00,74.8,57,113,371
2347167796,2016-04-12 13:00:00,84.5,61,117,384
2347167796,2016-04-12 14:00:00,101.6,77,120,373
2347167796,2016-04-12 15:00:00,99.7,75,122,407
2347167796,2016-04-12 16:00:00,76.0,58,111,398
2347167796,2016-04-12 17:00:00,75.4,58,116,429
2347167796,2016-04-12 18:00:00,88.2,61,113,447
2347167796,2016-04-12 19:00:00,78.0,65,106,425
2347167796,2016-04-12 20:00:00,94.2,70,156,453
2347167796,2016-04-12 21:00:00,100.8,73,136,499
2347167796,2016-04-12 22:00:00,77.5,68,87,330
2347167796,2016-04-12 23:00:00,77.3,70,88,329
2347167796,2016-04-13 00:00:00,67.4,59,83,342
2347167796,2016-04-13 01:00:00,64.3,57,75,351
2347167796,2016-04-13 02:00:00,64.8,57,87,345
2347167796,2016-04-13 03:00:00,65.8,62,71,319
2347167796,2016-04-13 04:00:00,63.8,57,78,336
2347167796,2016-04-13 05:00:00,61.9,56,85,341
2347167796,2016-04-13 06:00:00,65.6,57,84,348
2347167796,2016-04-13 07:00:00,92.2,73,120,354
2347167796,2016-04-13 08:00:00,82.2,64,107,449
2347167796,2016-04-13 09:00:00,73.9,63,93,406
2347167796,2016-04-13 10:00:00,69.9,60,88,400
2347167796,2016-04-13 11:00:00,69.1,57,85,381
2347167796,2016-04-13 12:00:00,76.1,55,158,371
2347167796,2016-04-13 13:00:00,81.0,60,131,437
2347167796,2016-04-13 14:00:00,74.7,63,89,434
2347167796,2016-04-13 15:00:00,75.5,67,100,413
2347167796,2016-04-13 16:00:00,76.0,58,117,420
2347167796,2016-04-13 17:00:00,71.1,58,88,385
2347167796,2016-04-13 18:00:00,85.3,70,127,448
2347167796,2016-04-13 19:00:00,72.1,63,87,383
2347167796,2016-04-13 20:00:00,74.1,56,144,405
2347167796,2016-04-13 21:00:00,90.3,59,157,496
2347167796,2016-04-13 22:00:00,69.2,57,94,351
2347167796,2016-04-13 23:00:00,69.1,58,82,353
2347167796,2016-04-14 00:00:00,66.8,58,78,330
2347167796,2016-04-14 01:00:00,64.8,56,81,349
2347167796,2016-04-14 02:00:00,63.8,56,78,341
2347167796,2016-04-14 03:00:00,65.8,61,75,336
2347167796,2016-04-14 04:00:00,62.8,56,72,308
2347167796,2016-04-14 05:00:00,64.1,57,87,340
2347167796,2016-04-14 06:00:00,64.8,55,82,223
2347167796,2016-04-14 07:00:00,87.2,62,154,451
2347167796,2016-04-14 08:00:00,78.6,65,104,436
2347167796,2016-04-14 09:00:00,75.0,62,103,439
2347167796,2016-04-14 10:00:00,72.3,59,90,405
2347167796,2016-04-14 11:00:00,71.1,55,92,411
2347167796,2016-04-14 12:00:00,71.1,57,93,399
2347167796,2016-04-14 13:00:00,87.5,67,127,466
2347167796,2016-04-14 14:00:00,74.9,60,90,407
2347167796,2016-04-14 15:00:00,75.3,58,101,381
2347167796,2016-04-14 16:00:00,72.8,62,88,409
2347167796,2016-04-14 17:00:00,66.5,52,85,411
2347167796,2016-04-14 18:00:00,79.4,56,104,455
2347167796,2016-04-14 19:00:00,72.1,56,110,384
2347167796,2016-04-14 20:00:00,73.6,53,106,390
2347167796,2016-04-14 21:00:00,74.3,61,113,415
2347167796,2016-04-14 22:00:00,68.2,59,87,345
2347167796,2016-04-14 23:00:00,71.0,62,91,322
2347167796,2016-04-15 00:00:00,69.1,63,80,328
2347167796,2016-04-15 01:00:00,65.1,57,84,323
2347167796,2016-04-15 02:00:00,62.5,56,76,346
2347167796,2016-04-15 03:00:00,62.5,55,85,319
2347167796,2016-04-15 04:00:00,62.8,57,80,341
2347167796,2016-04-15 05:00:00,64.5,56,86,343
2347167796,2016-04-15 06:00:00,64.7,56,81,313
2347167796,2016-04-15 07:00:00,86.6,65,102,458
2347167796,2016-04-15 08:00:00,78.2,63,120,460
2347167796,2016-04-15 09:00:00,72.4,57,94,458
2347167796,2016-04-15 10:00:00,71.4,59,88,400
2347167796,2016-04-15 11:00:00,71.3,60,89,408
2347167796,2016-04-15 12:00:00,72.3,57,103,408
2347167796,2016-04-15 13:00:00,76.9,60,111,400
2347167796,2016-04-15 14:00:00,71.8,58,90,379
2347167796,2016-04-15 15:00:00,66.7,55,82,386
2347167796,2016-04-15 16:00:00,71.6,59,89,380
2347167796,2016-04-15 17:00:00,64.9,55,81,385
2347167796,2016-04-15 18:00:00,91.0,69,114,536
2347167796,2016-04-15 19:00:00,101.3,80,136,925
2347167796,2016-04-15 20:00:00,83.1,65,113,469
2347167796,2016-04-15 21:00:00,78.4,63,110,398
2347167796,2016-04-15 22:00:00,75.4,63,94,394
2347167796,2016-04-16 07:00:00,96.1,74,109,158
2347167796,2016-04-16 08:00:00,118.7,74,168,1624
2347167796,2016-04-16 09:00:00,114.1,75,161,1910
2347167796,2016-04-16 10:00:00,85.6,70,108,1015
2347167796,2016-04-16 11:00:00,83.2,67,109,458
2347167796,2016-04-16 12:00:00,76.5,59,101,427
2347167796,2016-04-16 13:00:00,78.2,60,102,242
2347167796,2016-04-16 16:00:00,103.8,102,105,4
2347167796,2016-04-16 17:00:00,96.4,70,131,498
2347167796,2016-04-16 18:00:00,95.1,71,130,521
2347167796,2016-04-16 19:00:00,87.1,66,124,446
2347167796,2016-04-16 20:00:00,83.4,65,137,496
2347167796,2016-04-16 21:00:00,80.1,63,120,448
2347167796,2016-04-16 22:00:00,75.0,60,127,438
2347167796,2016-04-16 23:00:00,67.8,58,77,350
2347167796,2016-04-17 00:00:00,74.9,67,89,348
2347167796,2016-04-17 01:00:00,71.4,63,89,340
2347167796,2016-04-17 02:00:00,68.8,60,84,253
2347167796,2016-04-17 03:00:00,67.8,61,86,294
2347167796,2016-04-17 04:00:00,66.9,60,76,346
2347167796,2016-04-17 05:00:00,67.4,59,88,355
2347167796,2016-04-17 06:00:00,66.4,60,88,339
2347167796,2016-04-17 07:00:00,64.0,56,81,368
2347167796,2016-04-17 08:00:00,63.9,55,80,316
2347167796,2016-04-17 09:00:00,75.4,67,90,294
2347167796,2016-04-17 10:00:00,78.6,67,97,435
2347167796,2016-04-17 11:00:00,92.1,69,134,508
2347167796,2016-04-17 12:00:00,72.9,61,84,372
2347167796,2016-04-17 13:00:00,77.2,62,97,453
2347167796,2016-04-17 14:00:00,76.6,66,104,441
2347167796,2016-04-17 15:00:00,88.6,75,105,427
2347167796,2016-04-17 16:00:00,81.1,65,105,412
2347167796,2016-04-17 17:00:00,76.1,64,92,421
2347167796,2016-04-17 18:00:00,80.9,69,104,402
2347167796,2016-04-17 19:00:00,82.3,68,103,416
2347167796,2016-04-17 20:00:00,75.0,62,91,423
2347167796,2016-04-17 21:00:00,72.5,59,93,378
2347167796,2016-04-17 22:00:00,74.8,67,88,323
2347167796,2016-04-17 23:00:00,74.0,67,86,326
2347167796,2016-04-18 00:00:00,66.8,57,88,343
2347167796,2016-04-18 01:00:00,66.0,59,75,336
2347167796,2016-04-18 02:00:00,64.6,56,82,324
2347167796,2016-04-18 03:00:00,61.8,55,80,334
2347167796,2016-04-18 04:00:00,62.7,57,98,315
2347167796,2016-04-18 05:00:00,60.5,54,76,346
2347167796,2016-04-18 06:00:00,63.4,54,84,372
2347167796,2016-04-18 07:00:00,76.6,59,104,431
2347167796,2016-04-18 08:00:00,80.4,60,113,447
2347167796,2016-04-18 09:00:00,69.5,57,85,407
2347167796,2016-04-18 10:00:00,69.0,55,98,435
2347167796,2016-04-18 11:00:00,65.0,55,93,421
2347167796,2016-04-18 12:00:00,65.7,54,83,395
2347167796,2016-04-18 13:00:00,74.6,53,105,472
2347167796,2016-04-18 14:00:00,78.9,57,117,380
2347167796,2016-04-18 15:00:00,69.3,53,121,394
2347167796,2016-04-18 16:00:00,73.9,56,99,447
2347167796,2016-04-18 17:00:00,69.1,56,91,418
2347167796,2016-04-18 18:00:00,79.8,65,110,402
2347167796,2016-04-18 19:00:00,72.2,62,84,371
2347167796,2016-04-18 20:00:00,100.8,70,134,509
2347167796,2016-04-18 21:00:00,70.6,61,89,373
2347167796,2016-04-18 22:00:00,63.2,55,78,341
2347167796,2016-04-18 23:00:00,65.4,58,75,326
2347167796,2016-04-19 00:00:00,62.5,59,71,296
2347167796,2016-04-19 01:00:00,63.0,56,82,211
2347167796,2016-04-19 02:00:00,62.2,57,80,292
2347167796,2016-04-19 03:00:00,64.8,58,80,338
2347167796,2016-04-19 04:00:00,61.5,55,81,327
2347167796,2016-04-19 05:00:00,60.1,53,100,307
2347167796,2016-04-19 06:00:00,63.6,53,102,279
2347167796,2016-04-19 07:00:00,76.5,62,104,350
2347167796,2016-04-19 08:00:00,91.1,57,144,403
2347167796,2016-04-19 09:00:00,89.2,64,117,371
2347167796,2016-04-19 10:00:00,90.7,65,112,373
2347167796,2016-04-19 11:00:00,107.1,69,123,365
2347167796,2016-04-19 12:00:00,100.2,62,122,377
2347167796,2016-04-19 13:00:00,86.6,55,119,401
2347167796,2016-04-19 14:00:00,96.9,70,122,364
2347167796,2016-04-19 15:00:00,90.3,63,117,397
2347167796,2016-04-19 16:00:00,86.2,62,110,431
2347167796,2016-04-19 17:00:00,77.1,62,108,376
2347167796,2016-04-19 18:00:00,87.6,64,195,460
2347167796,2016-04-19 19:00:00,82.1,64,112,450
2347167796,2016-04-19 20:00:00,79.1,58,97,411
2347167796,2016-04-19 21:00:00,77.4,62,110,245
2347167796,2016-04-20 07:00:00,93.8,65,161,465
2347167796,2016-04-20 08:00:00,80.5,58,119,457
2347167796,2016-04-20 09:00:00,67.0,56,89,405
2347167796,2016-04-20 10:00:00,68.0,54,102,426
2347167796,2016-04-20 11:00:00,64.8,54,106,374
2347167796,2016-04-20 12:00:00,67.6,53,87,391
2347167796,2016-04-20 13:00:00,74.7,58,111,402
2347167796,2016-04-20 14:00:00,72.8,55,91,411
2347167796,2016-04-20 15:00:00,70.5,61,90,400
2347167796,2016-04-20 16:00:00,69.7,58,95,435
2347167796,2016-04-20 17:00:00,72.5,55,104,464
2347167796,2016-04-20 18:00:00,104.7,75,147,467
2347167796,2016-04-20 19:00:00,88.2,69,110,472
2347167796,2016-04-20 20:00:00,97.1,66,148,510
2347167796,2016-04-20 21:00:00,76.4,65,92,398
2347167796,2016-04-20 22:00:00,72.8,65,95,354
2347167796,2016-04-20 23:00:00,74.0,65,84,325
2347167796,2016-04-21 00:00:00,69.7,64,83,337
2347167796,2016-04-21 01:00:00,66.8,60,83,312
2347167796,2016-04-21 02:00:00,63.5,57,80,344
2347167796,2016-04-21 03:00:00,65.4,58,76,343
2347167796,2016-04-21 04:00:00,62.7,56,83,349
2347167796,2016-04-21 05:00:00,61.5,55,85,324
2347167796,2016-04-21 06:00:00,68.0,55,94,286
2347167796,2016-04-21 07:00:00,77.3,66,95,396
2347167796,2016-04-21 08:00:00,82.1,62,122,449
2347167796,2016-04-21 09:00:00,69.2,57,84,356
2347167796,2016-04-21 10:00:00,66.2,54,86,372
2347167796,2016-04-21 11:00:00,66.3,58,96,402
2347167796,2016-04-21 12:00:00,72.1,51,100,417
2347167796,2016-04-21 13:00:00,74.5,63,93,381
2347167796,2016-04-21 14:00:00,79.3,66,96,460
2347167796,2016-04-21 15:00:00,75.0,64,89,392
2347167796,2016-04-21 16:00:00,71.4,57,86,408
2347167796,2016-04-21 17:00:00,70.3,60,93,401
2347167796,2016-04-21 18:00:00,79.4,56,108,463
2347167796,2016-04-21 19:00:00,73.0,59,97,419
2347167796,2016-04-21 20:00:00,83.3,60,139,457
2347167796,2016-04-21 21:00:00,102.5,66,171,527
2347167796,2016-04-21 22:00:00,70.7,60,86,380
2347167796,2016-04-21 23:00:00,65.9,59,74,314
2347167796,2016-04-22 00:00:00,73.8,67,93,319
2347167796,2016-04-22 01:00:00,69.5,58,77,324
2347167796,2016-04-22 02:00:00,65.8,56,83,319
2347167796,2016-04-22 03:00:00,63.6,59,83,321
2347167796,2016-04-22 04:00:00,64.1,58,99,358
2347167796,2016-04-22 05:00:00,60.6,55,93,345
2347167796,2016-04-22 06:00:00,63.9,56,99,334
2347167796,2016-04-22 07:00:00,103.7,67,165,462
2347167796,2016-04-22 08:00:00,79.8,53,111,438
2347167796,2016-04-22 09:00:00,69.0,58,84,376
2347167796,2016-04-22 10:00:00,67.0,57,87,373
2347167796,2016-04-22 11:00:00,68.9,58,125,361
2347167796,2016-04-22 12:00:00,72.9,55,89,375
2347167796,2016-04-22 13:00:00,74.6,57,102,393
2347167796,2016-04-22 14:00:00,77.1,65,100,413
2347167796,2016-04-22 15:00:00,72.4,60,90,404
2347167796,2016-04-22 16:00:00,68.3,58,87,433
2347167796,2016-04-22 17:00:00,70.9,57,88,442
2347167796,2016-04-22 18:00:00,78.5,62,107,481
2347167796,2016-04-22 19:00:00,71.3,60,80,365
2347167796,2016-04-22 20:00:00,72.2,63,85,395
2347167796,2016-04-22 21:00:00,69.4,61,81,390
2347167796,2016-04-22 22:00:00,68.2,61,78,374
2347167796,2016-04-22 23:00:00,67.6,60,82,377
2347167796,2016-04-23 00:00:00,67.4,60,84,248
2347167796,2016-04-23 01:00:00,69.7,60,88,337
2347167796,2016-04-23 02:00:00,67.3,60,81,343
2347167796,2016-04-23 03:00:00,61.4,55,71,341
2347167796,2016-04-23 04:00:00,58.9,55,66,336
2347167796,2016-04-23 05:00:00,57.6,53,78,350
2347167796,2016-04-23 06:00:00,59.9,54,78,324
2347167796,2016-04-23 07:00:00,90.5,75,108,65
2347167796,2016-04-23 08:00:00,117.6,71,157,541
2347167796,2016-04-23 09:00:00,78.0,65,101,360
2347167796,2016-04-23 10:00:00,83.4,66,103,466
2347167796,2016-04-23 11:00:00,101.9,79,130,553
2347167796,2016-04-23 12:00:00,91.8,74,118,470
2347167796,2016-04-23 13:00:00,104.5,78,133,538
2347167796,2016-04-23 14:00:00,92.2,74,114,413
2347167796,2016-04-23 15:00:00,74.9,62,95,397
2347167796,2016-04-23 16:00:00,80.7,65,107,427
2347167796,2016-04-23 17:00:00,89.4,70,115,493
2347167796,2016-04-23 18:00:00,84.7,69,119,484
2347167796,2016-04-23 19:00:00,89.7,68,112,467
2347167796,2016-04-23 20:00:00,89.9,60,124,487
2347167796,2016-04-23 21:00:00,81.6,65,99,425
2347167796,2016-04-23 22:00:00,81.0,63,97,449
2347167796,2016-04-23 23:00:00,71.8,59,93,229
2347167796,2016-04-24 00:00:00,74.7,70,94,158
2347167796,2016-04-24 01:00:00,69.5,62,79,308
2347167796,2016-04-24 02:00:00,63.0,57,80,318
2347167796,2016-04-24 03:00:00,63.0,57,74,323
2347167796,2016-04-24 04:00:00,62.4,56,96,331
2347167796,2016-04-24 05:00:00,60.4,55,70,339
2347167796,2016-04-24 06:00:00,62.4,56,82,344
2347167796,2016-04-24 07:00:00,71.3,54,89,389
2347167796,2016-04-24 08:00:00,79.3,63,127,509
2347167796,2016-04-24 09:00:00,78.8,61,109,362
2347167796,2016-04-24 10:00:00,88.1,64,121,412
2347167796,2016-04-24 11:00:00,87.0,70,122,468
2347167796,2016-04-24 12:00:00,73.5,59,117,382
2347167796,2016-04-24 13:00:00,86.7,62,126,425
2347167796,2016-04-24 14:00:00,77.6,61,99,383
2347167796,2016-04-24 15:00:00,87.1,64,113,388
2347167796,2016-04-24 16:00:00,87.9,63,104,350
2347167796,2016-04-24 17:00:00,80.9,68,96,401
2347167796,2016-04-24 18:00:00,83.8,67,106,440
2347167796,2016-04-24 19:00:00,91.8,68,112,512
2347167796,2016-04-24 20:00:00,82.6,69,112,401
2347167796,2016-04-24 21:00:00,77.7,63,109,420
2347167796,2016-04-24 22:00:00,69.7,63,86,140
2347167796,2016-04-24 23:00:00,73.5,68,85,329
2347167796,2016-04-25 00:00:00,69.1,61,74,333
2347167796,2016-04-25 01:00:00,64.7,58,76,328
2347167796,2016-04-25 02:00:00,63.1,56,89,344
2347167796,2016-04-25 03:00:00,61.2,54,101,322
2347167796,2016-04-25 04:00:00,61.9,57,80,320
2347167796,2016-04-25 05:00:00,62.1,53,81,350
2347167796,2016-04-25 06:00:00,63.4,55,106,353
2347167796,2016-04-25 07:00:00,75.4,61,115,343
2347167796,2016-04-25 08:00:00,82.8,64,111,473
2347167796,2016-04-25 09:00:00,72.9,60,93,416
2347167796,2016-04-25 10:00:00,69.2,54,87,416
2347167796,2016-04-25 11:00:00,67.8,56,91,411
2347167796,2016-04-25 12:00:00,73.9,56,99,436
2347167796,2016-04-25 13:00:00,70.2,55,101,386
2347167796,2016-04-25 14:00:00,75.4,55,91,377
2347167796,2016-04-25 15:00:00,72.6,58,94,437
2347167796,2016-04-25 16:00:00,71.1,53,92,434
2347167796,2016-04-25 17:00:00,70.0,55,89,419
2347167796,2016-04-25 18:00:00,90.7,64,140,509
2347167796,2016-04-25 19:00:00,101.4,64,160,527
2347167796,2016-04-25 20:00:00,78.9,68,108,435
2347167796,2016-04-25 21:00:00,77.6,70,90,417
2347167796,2016-04-25 22:00:00,77.1,63,100,405
2347167796,2016-04-25 23:00:00,74.4,68,94,337
2347167796,2016-04-26 00:00:00,73.2,68,82,313
2347167796,2016-04-26 01:00:00,69.4,60,83,317
2347167796,2016-04-26 02:00:00,65.2,59,74,350
2347167796,2016-04-26 03:00:00,68.7,60,79,332
2347167796,2016-04-26 04:00:00,67.9,59,85,341
2347167796,2016-04-26 05:00:00,62.9,57,81,345
2347167796,2016-04-26 06:00:00,68.8,55,100,371
2347167796,2016-04-26 07:00:00,81.1,69,122,131
2347167796,2016-04-26 08:00:00,79.4,62,108,423
2347167796,2016-04-26 09:00:00,72.0,54,105,436
2347167796,2016-04-26 10:00:00,69.4,55,88,402
2347167796,2016-04-26 11:00:00,71.1,51,112,408
2347167796,2016-04-26 12:00:00,69.3,55,104,401
2347167796,2016-04-26 13:00:00,81.3,62,106,453
2347167796,2016-04-26 14:00:00,75.6,63,95,413
2347167796,2016-04-26 15:00:00,67.6,52,82,371
2347167796,2016-04-26 16:00:00,68.0,49,89,393
2347167796,2016-04-26 17:00:00,66.8,55,85,396
2347167796,2016-04-26 18:00:00,81.5,57,107,480
2347167796,2016-04-26 19:00:00,78.0,63,94,422
2347167796,2016-04-26 20:00:00,76.1,58,99,396
2347167796,2016-04-26 21:00:00,73.1,61,101,418
2347167796,2016-04-26 22:00:00,65.9,58,81,378
2347167796,2016-04-26 23:00:00,66.4,60,75,333
2347167796,2016-04-27 00:00:00,65.4,60,72,328
2347167796,2016-04-27 01:00:00,62.6,55,96,340
2347167796,2016-04-27 02:00:00,62.1,55,81,350
2347167796,2016-04-27 03:00:00,61.1,55,71,349
2347167796,2016-04-27 04:00:00,58.4,54,74,286
2347167796,2016-04-27 05:00:00,59.2,53,80,257
2347167796,2016-04-27 06:00:00,59.6,54,72,111
2347167796,2016-04-27 07:00:00,84.8,57,95,41
2347167796,2016-04-27 08:00:00,82.3,65,116,387
2347167796,2016-04-27 09:00:00,76.1,51,92,415
2347167796,2016-04-27 10:00:00,71.7,51,91,436
2347167796,2016-04-27 11:00:00,69.8,60,87,415
2347167796,2016-04-27 12:00:00,69.5,56,109,422
2347167796,2016-04-27 13:00:00,71.7,58,94,404
2347167796,2016-04-27 14:00:00,79.2,63,111,468
2347167796,2016-04-27 15:00:00,75.5,58,95,421
2347167796,2016-04-27 16:00:00,75.3,61,98,398
2347167796,2016-04-27 17:00:00,73.5,59,96,427
2347167796,2016-04-27 18:00:00,82.3,65,105,502
2347167796,2016-04-27 19:00:00,109.6,68,144,579
2347167796,2016-04-27 20:00:00,87.2,68,122,506
2347167796,2016-04-27 21:00:00,76.0,62,101,463
2347167796,2016-04-27 22:00:00,75.0,60,95,266
2347167796,2016-04-27 23:00:00,76.6,69,109,271
2347167796,2016-04-28 00:00:00,72.3,64,87,328
2347167796,2016-04-28 01:00:00,68.8,62,81,301
2347167796,2016-04-28 02:00:00,65.0,57,85,352
2347167796,2016-04-28 03:00:00,67.4,60,76,342
2347167796,2016-04-28 04:00:00,68.2,61,75,335
2347167796,2016-04-28 05:00:00,68.2,59,80,346
2347167796,2016-04-28 06:00:00,73.1,59,97,366
2347167796,2016-04-28 07:00:00,110.4,109,111,5
2347167796,2016-04-28 08:00:00,84.3,65,138,494
2347167796,2016-04-28 09:00:00,78.6,66,105,436
2347167796,2016-04-28 10:00:00,73.7,62,97,395
2347167796,2016-04-28 11:00:00,74.4,55,97,423
2347167796,2016-04-28 12:00:00,71.4,57,96,408
2347167796,2016-04-28 13:00:00,73.5,65,92,402
2347167796,2016-04-28 14:00:00,76.0,61,95,454
2347167796,2016-04-28 15:00:00,77.8,59,96,444
2347167796,2016-04-28 16:00:00,72.2,58,91,439
2347167796,2016-04-28 17:00:00,72.6,62,91,415
2347167796,2016-04-28 18:00:00,83.6,64,122,449
2347167796,2016-04-28 19:00:00,70.2,59,85,415
2347167796,2016-04-28 20:00:00,72.3,64,89,459
2347167796,2016-04-28 21:00:00,70.4,60,86,414
2347167796,2016-04-28 22:00:00,77.8,61,110,286
2347167796,2016-04-28 23:00:00,66.1,57,72,307
2347167796,2016-04-29 00:00:00,68.1,60,83,346
2347167796,2016-04-29 01:00:00,63.5,57,79,348
2347167796,2016-04-29 02:00:00,61.4,56,82,324
2347167796,2016-04-29 03:00:00,62.7,57,80,325
2347167796,2016-04-29 04:00:00,61.7,54,85,351
2347167796,2016-04-29 05:00:00,60.7,55,84,336
2347167796,2016-04-29 06:00:00,61.8,54,84,334
4020332650,2016-04-12 00:00:00,65.9,56,79,1267
4020332650,2016-04-12 01:00:00,63.4,53,75,1745
4020332650,2016-04-12 02:00:00,59.9,53,65,1440
4020332650,2016-04-12 03:00:00,61.3,53,71,1646
4020332650,2016-04-12 04:00:00,60.9,51,81,1548
4020332650,2016-04-12 05:00:00,59.3,49,70,1136
4020332650,2016-04-12 06:00:00,70.2,56,88,1586
4020332650,2016-04-12 07:00:00,78.3,56,94,1497
4020332650,2016-04-12 08:00:00,84.0,73,99,1509
4020332650,2016-04-12 09:00:00,88.0,69,107,1534
4020332650,2016-04-12 10:00:00,88.1,78,108,1420
4020332650,2016-04-12 11:00:00,86.2,78,106,1479
4020332650,2016-04-12 12:00:00,96.4,82,119,1492
4020332650,2016-04-12 13:00:00,97.4,77,125,1437
4020332650,2016-04-12 14:00:00,91.1,78,104,1411
4020332650,2016-04-12 15:00:00,97.1,80,115,1526
4020332650,2016-04-12 16:00:00,98.7,86,126,1492
4020332650,2016-04-12 17:00:00,98.7,86,113,1538
4020332650,2016-04-12 18:00:00,89.6,80,108,1421
4020332650,2016-04-12 19:00:00,101.4,88,131,1500
4020332650,2016-04-12 20:00:00,100.3,84,133,1565
4020332650,2016-04-12 21:00:00,90.2,79,102,1417
4020332650,2016-04-12 22:00:00,93.1,79,115,1356
4020332650,2016-04-12 23:00:00,70.0,70,70,1
4020332650,2016-04-14 09:00:00,87.4,65,106,34
4020332650,2016-04-14 10:00:00,70.0,70,70,1
4020332650,2016-04-14 13:00:00,114.4,70,133,29
4020332650,2016-04-14 14:00:00,91.6,70,112,12
4020332650,2016-04-14 20:00:00,111.0,70,115,44
4020332650,2016-04-14 21:00:00,92.5,70,115,1081
4020332650,2016-04-14 22:00:00,76.9,70,84,247
4020332650,2016-04-15 03:00:00,70.0,70,70,90
4020332650,2016-04-15 04:00:00,70.0,70,70,91
4020332650,2016-04-15 07:00:00,70.0,70,70,82
4020332650,2016-04-15 08:00:00,93.8,67,169,535
4020332650,2016-04-15 09:00:00,113.3,70,131,736
4020332650,2016-04-15 10:00:00,78.5,56,128,323
4020332650,2016-04-15 11:00:00,93.7,70,106,473
4020332650,2016-04-15 12:00:00,86.2,70,98,108
4020332650,2016-04-15 13:00:00,75.6,70,88,851
4020332650,2016-04-15 14:00:00,70.0,70,70,80
4020332650,2016-04-15 15:00:00,71.3,70,77,433
4020332650,2016-04-15 16:00:00,70.0,70,70,231
4020332650,2016-04-15 17:00:00,68.5,51,122,764
4020332650,2016-04-15 18:00:00,85.3,59,123,1184
4020332650,2016-04-15 19:00:00,99.8,70,143,1065
4020332650,2016-04-15 20:00:00,87.6,70,137,1097
4020332650,2016-04-15 21:00:00,112.3,69,191,1027
4020332650,2016-04-15 22:00:00,134.2,69,191,323
4020332650,2016-04-15 23:00:00,106.6,65,134,1454
4020332650,2016-04-16 00:00:00,98.5,68,143,1482
4020332650,2016-04-16 01:00:00,119.6,80,142,1396
4020332650,2016-04-16 02:00:00,121.8,75,139,1381
4020332650,2016-04-16 03:00:00,86.0,62,118,1328
4020332650,2016-04-16 04:00:00,67.1,65,70,266
4020332650,2016-04-16 07:00:00,98.4,64,123,914
4020332650,2016-04-16 08:00:00,88.3,70,111,807
4020332650,2016-04-16 09:00:00,90.3,66,125,948
4020332650,2016-04-16 10:00:00,70.0,70,70,1
4020332650,2016-04-17 20:00:00,98.8,66,116,69
4020332650,2016-05-02 20:00:00,104.7,70,123,1223
4020332650,2016-05-02 21:00:00,95.0,84,120,1322
4020332650,2016-05-02 22:00:00,87.0,69,102,1463
4020332650,2016-05-02 23:00:00,78.1,66,94,1558
4020332650,2016-05-03 00:00:00,71.7,58,86,1848
4020332650,2016-05-03 01:00:00,68.8,56,91,1654
4020332650,2016-05-03 02:00:00,64.5,54,80,1709
4020332650,2016-05-03 03:00:00,62.5,52,81,1658
4020332650,2016-05-03 04:00:00,63.9,52,89,1551
4020332650,2016-05-03 05:00:00,68.7,56,78,1574
4020332650,2016-05-03 06:00:00,67.3,57,80,1550
4020332650,2016-05-03 07:00:00,67.8,57,83,1546
4020332650,2016-05-03 08:00:00,73.6,61,95,1502
4020332650,2016-05-03 09:00:00,82.5,69,101,1511
4020332650,2016-05-03 10:00:00,82.1,71,106,1495
4020332650,2016-05-03 11:00:00,82.1,69,102,1583
4020332650,2016-05-03 12:00:00,78.8,68,92,1484
4020332650,2016-05-03 13:00:00,81.8,63,95,1507
4020332650,2016-05-03 14:00:00,82.8,70,108,1201
4020332650,2016-05-03 15:00:00,86.3,65,113,1510
4020332650,2016-05-03 16:00:00,91.2,73,112,1618
4020332650,2016-05-03 17:00:00,94.1,73,113,1613
4020332650,2016-05-03 18:00:00,99.9,66,122,1226
4020332650,2016-05-03 19:00:00,90.1,70,99,170
4020332650,2016-05-03 20:00:00,89.5,68,127,1492
4020332650,2016-05-03 21:00:00,83.9,70,109,1487
4020332650,2016-05-03 22:00:00,84.0,71,111,1509
4020332650,2016-05-03 23:00:00,72.4,57,86,1582
4020332650,2016-05-04 00:00:00,69.3,57,93,1713
4020332650,2016-05-04 01:00:00,76.1,60,98,1478
4020332650,2016-05-04 02:00:00,66.5,55,89,1597
4020332650,2016-05-04 03:00:00,62.8,54,76,1698
4020332650,2016-05-04 04:00:00,58.9,49,73,1564
4020332650,2016-05-04 05:00:00,61.5,53,147,1579
4020332650,2016-05-04 06:00:00,63.0,53,72,1551
4020332650,2016-05-04 07:00:00,66.3,54,91,1572
4020332650,2016-05-04 08:00:00,73.4,57,96,1666
4020332650,2016-05-04 09:00:00,80.4,65,112,1556
4020332650,2016-05-04 10:00:00,94.5,78,116,1608
4020332650,2016-05-04 11:00:00,88.2,73,105,1519
4020332650,2016-05-04 12:00:00,93.6,75,113,1593
4020332650,2016-05-04 13:00:00,91.7,77,139,1544
4020332650,2016-05-04 14:00:00,93.1,74,111,1528
4020332650,2016-05-04 15:00:00,89.3,75,112,1566
4020332650,2016-05-04 16:00:00,93.4,79,109,1646
4020332650,2016-05-04 17:00:00,89.6,68,107,1379
4020332650,2016-05-04 18:00:00,91.4,70,108,1356
4020332650,2016-05-04 19:00:00,95.7,76,117,1608
4020332650,2016-05-04 20:00:00,109.2,81,146,1774
4020332650,2016-05-04 21:00:00,101.2,63,125,1530
4020332650,2016-05-04 22:00:00,98.8,70,130,1570
4020332650,2016-05-04 23:00:00,101.1,85,118,1162
4020332650,2016-05-05 00:00:00,84.3,67,101,965
4020332650,2016-05-05 01:00:00,79.2,68,92,1635
4020332650,2016-05-05 02:00:00,70.9,54,84,1589
4020332650,2016-05-05 03:00:00,62.2,49,75,1679
4020332650,2016-05-05 04:00:00,65.5,52,97,1501
4020332650,2016-05-05 05:00:00,73.4,67,80,237
4020332650,2016-05-05 14:00:00,98.7,70,118,229
4020332650,2016-05-05 15:00:00,83.6,70,92,1399
4020332650,2016-05-05 16:00:00,99.4,65,126,1675
4020332650,2016-05-05 17:00:00,89.1,64,111,1497
4020332650,2016-05-05 18:00:00,99.1,79,126,1691
4020332650,2016-05-05 19:00:00,94.2,76,118,1432
4020332650,2016-05-05 20:00:00,95.3,78,117,1491
4020332650,2016-05-05 21:00:00,97.1,70,118,1238
4020332650,2016-05-05 22:00:00,95.9,85,112,1657
4020332650,2016-05-05 23:00:00,83.9,69,107,1592
4020332650,2016-05-06 00:00:00,77.2,66,92,1516
4020332650,2016-05-06 01:00:00,69.1,54,81,1642
4020332650,2016-05-06 02:00:00,64.6,54,76,1484
4020332650,2016-05-06 03:00:00,66.1,54,94,1694
4020332650,2016-05-06 04:00:00,61.4,52,75,1661
4020332650,2016-05-06 05:00:00,60.4,50,72,911
4020332650,2016-05-06 06:00:00,59.1,53,75,1589
4020332650,2016-05-06 07:00:00,70.2,53,99,1553
4020332650,2016-05-06 08:00:00,78.4,60,99,1592
4020332650,2016-05-06 09:00:00,82.6,64,103,1584
4020332650,2016-05-06 10:00:00,90.9,72,116,1553
4020332650,2016-05-06 11:00:00,91.3,69,107,1568
4020332650,2016-05-06 12:00:00,87.9,68,101,1594
4020332650,2016-05-06 13:00:00,78.2,61,96,1623
4020332650,2016-05-06 14:00:00,78.0,64,98,1550
4020332650,2016-05-06 15:00:00,79.7,61,107,1492
4020332650,2016-05-06 16:00:00,88.7,75,102,1253
4020332650,2016-05-07 08:00:00,92.4,70,106,561
4020332650,2016-05-07 09:00:00,90.9,72,109,1617
4020332650,2016-05-07 10:00:00,89.2,80,97,1401
4020332650,2016-05-07 11:00:00,90.7,79,105,1497
4020332650,2016-05-07 12:00:00,90.7,79,115,1128
4020332650,2016-05-07 13:00:00,89.5,70,111,813
4020332650,2016-05-07 14:00:00,85.3,67,94,1570
4020332650,2016-05-07 15:00:00,90.5,80,108,1568
4020332650,2016-05-07 16:00:00,86.6,81,97,1551
4020332650,2016-05-07 17:00:00,88.9,70,105,1346
4020332650,2016-05-07 18:00:00,85.9,64,102,189
4020332650,2016-05-07 19:00:00,93.4,80,117,1498
4020332650,2016-05-07 20:00:00,85.0,70,96,334
4020332650,2016-05-07 21:00:00,83.9,70,98,853
4020332650,2016-05-07 22:00:00,86.6,77,102,769
4020332650,2016-05-08 00:00:00,69.1,56,118,603
4020332650,2016-05-08 01:00:00,63.1,56,88,1453
4020332650,2016-05-08 02:00:00,67.2,56,97,1435
4020332650,2016-05-08 03:00:00,63.4,54,76,1643
4020332650,2016-05-08 04:00:00,60.1,52,101,1235
4020332650,2016-05-08 05:00:00,59.3,52,73,1483
4020332650,2016-05-08 06:00:00,60.9,52,75,1421
4020332650,2016-05-08 07:00:00,68.1,51,100,1540
4020332650,2016-05-08 08:00:00,72.6,57,96,1562
4020332650,2016-05-08 09:00:00,80.4,66,100,1439
4020332650,2016-05-08 10:00:00,80.3,60,101,1497
4020332650,2016-05-08 11:00:00,90.5,77,107,1605
4020332650,2016-05-08 12:00:00,87.4,75,111,1702
4020332650,2016-05-08 13:00:00,76.8,67,104,1596
4020332650,2016-05-08 14:00:00,92.7,69,112,1730
4020332650,2016-05-08 15:00:00,93.3,70,128,1604
4020332650,2016-05-08 16:00:00,94.5,70,123,940
4020332650,2016-05-08 17:00:00,90.3,76,107,1482
4020332650,2016-05-08 18:00:00,93.2,63,115,1523
4020332650,2016-05-08 19:00:00,88.8,70,108,1499
4020332650,2016-05-08 20:00:00,83.8,68,131,1597
4020332650,2016-05-08 21:00:00,81.0,67,107,1545
4020332650,2016-05-08 22:00:00,72.0,62,83,1532
4020332650,2016-05-08 23:00:00,68.9,58,81,332
4020332650,2016-05-09 08:00:00,70.0,70,70,4
4020332650,2016-05-09 14:00:00,88.6,63,130,1093
4020332650,2016-05-09 15:00:00,90.9,69,107,1471
4020332650,2016-05-09 16:00:00,95.3,80,115,1516
4020332650,2016-05-09 17:00:00,97.2,82,128,1549
4020332650,2016-05-09 18:00:00,90.4,75,110,1531
4020332650,2016-05-09 19:00:00,92.9,78,122,1586
4020332650,2016-05-09 20:00:00,89.3,70,155,1646
4020332650,2016-05-09 21:00:00,80.1,68,98,1588
4020332650,2016-05-09 22:00:00,76.0,63,99,1680
4020332650,2016-05-09 23:00:00,67.4,55,94,1516
4020332650,2016-05-10 00:00:00,56.8,52,77,1456
4020332650,2016-05-10 01:00:00,57.9,50,70,1481
4020332650,2016-05-10 02:00:00,58.9,47,101,1498
4020332650,2016-05-10 03:00:00,57.8,52,70,1535
4020332650,2016-05-10 04:00:00,57.1,49,77,1528
4020332650,2016-05-10 05:00:00,57.1,50,81,1357
4020332650,2016-05-10 06:00:00,55.6,46,81,1524
4020332650,2016-05-10 07:00:00,63.7,51,94,1506
4020332650,2016-05-10 08:00:00,71.3,60,93,1637
4020332650,2016-05-10 09:00:00,72.7,60,89,1691
4020332650,2016-05-10 10:00:00,75.5,62,92,1637
4020332650,2016-05-10 11:00:00,76.9,61,98,1601
4020332650,2016-05-10 12:00:00,86.5,68,113,1583
4020332650,2016-05-10 13:00:00,82.6,66,95,1648
4020332650,2016-05-10 14:00:00,83.4,70,97,1671
4020332650,2016-05-10 15:00:00,88.8,74,106,1625
4020332650,2016-05-10 16:00:00,85.8,64,104,1597
4020332650,2016-05-10 17:00:00,84.0,64,105,1190
4020332650,2016-05-10 18:00:00,78.3,70,87,17
4020332650,2016-05-10 19:00:00,116.2,70,134,320
4020332650,2016-05-10 20:00:00,103.2,59,120,162
4020332650,2016-05-10 21:00:00,70.0,70,70,3
4020332650,2016-05-10 22:00:00,94.6,66,118,386
4020332650,2016-05-10 23:00:00,112.7,70,142,448
4020332650,2016-05-11 10:00:00,70.9,70,71,92
4020332650,2016-05-11 11:00:00,91.5,70,121,264
4020332650,2016-05-11 12:00:00,85.4,73,109,1625
4020332650,2016-05-11 13:00:00,87.5,64,105,1516
4020332650,2016-05-11 14:00:00,94.3,70,133,1494
4020332650,2016-05-11 15:00:00,96.0,76,117,1618
4020332650,2016-05-11 16:00:00,92.8,77,111,1554
4020332650,2016-05-11 17:00:00,95.8,84,107,463
4020332650,2016-05-12 11:00:00,87.0,70,99,460
4020332650,2016-05-12 12:00:00,100.0,79,125,582
4388161847,2016-04-13 00:00:00,56.1,47,80,349
4388161847,2016-04-13 01:00:00,53.8,50,75,333
4388161847,2016-04-13 02:00:00,52.4,47,76,344
4388161847,2016-04-13 03:00:00,50.4,45,80,339
4388161847,2016-04-13 04:00:00,54.7,45,121,363
4388161847,2016-04-13 05:00:00,81.4,54,130,486
4388161847,2016-04-13 06:00:00,83.0,63,120,426
4388161847,2016-04-13 07:00:00,66.2,56,97,385
4388161847,2016-04-13 08:00:00,65.0,53,100,416
4388161847,2016-04-13 09:00:00,57.5,51,91,375
4388161847,2016-04-13 10:00:00,66.2,53,106,404
4388161847,2016-04-13 11:00:00,63.9,55,79,391
4388161847,2016-04-13 12:00:00,66.8,55,93,376
4388161847,2016-04-13 13:00:00,61.3,52,83,376
4388161847,2016-04-13 14:00:00,62.7,53,85,382
4388161847,2016-04-13 15:00:00,62.3,53,130,394
4388161847,2016-04-13 16:00:00,73.9,53,100,444
4388161847,2016-04-13 17:00:00,73.0,58,95,467
4388161847,2016-04-13 18:00:00,80.8,62,112,485
4388161847,2016-04-13 19:00:00,84.6,62,118,498
4388161847,2016-04-13 20:00:00,69.9,60,98,175
4388161847,2016-04-14 04:00:00,77.8,76,82,5
4388161847,2016-04-14 05:00:00,83.7,56,132,422
4388161847,2016-04-14 06:00:00,79.6,61,130,461
4388161847,2016-04-14 07:00:00,69.1,56,92,368
4388161847,2016-04-14 08:00:00,62.5,53,83,379
4388161847,2016-04-14 09:00:00,62.2,50,107,401
4388161847,2016-04-14 10:00:00,65.2,52,101,400
4388161847,2016-04-14 11:00:00,64.8,52,98,391
4388161847,2016-04-14 12:00:00,62.7,54,90,386
4388161847,2016-04-14 13:00:00,60.3,52,83,388
4388161847,2016-04-14 14:00:00,56.7,49,78,365
4388161847,2016-04-14 15:00:00,59.3,48,96,383
4388161847,2016-04-14 16:00:00,74.7,56,108,439
4388161847,2016-04-14 17:00:00,93.6,68,114,460
4388161847,2016-04-14 18:00:00,70.0,57,103,401
4388161847,2016-04-14 19:00:00,74.3,58,111,417
4388161847,2016-04-14 20:00:00,62.4,53,79,346
4388161847,2016-04-14 21:00:00,62.5,53,109,329
4388161847,2016-04-14 22:00:00,60.5,55,74,332
4388161847,2016-04-14 23:00:00,62.3,54,76,319
4388161847,2016-04-15 00:00:00,54.6,50,72,334
4388161847,2016-04-15 01:00:00,53.0,45,71,303
4388161847,2016-04-15 02:00:00,50.5,45,73,341
4388161847,2016-04-15 03:00:00,50.3,44,67,327
4388161847,2016-04-15 04:00:00,58.4,47,115,363
4388161847,2016-04-15 05:00:00,79.9,56,104,432
4388161847,2016-04-15 06:00:00,84.4,57,127,422
4388161847,2016-04-15 07:00:00,65.7,55,88,372
4388161847,2016-04-15 08:00:00,61.6,49,81,422
4388161847,2016-04-15 09:00:00,59.7,52,88,378
4388161847,2016-04-15 10:00:00,62.5,46,105,426
4388161847,2016-04-15 11:00:00,63.4,53,97,387
4388161847,2016-04-15 12:00:00,61.5,54,90,371
4388161847,2016-04-15 13:00:00,64.4,52,109,389
4388161847,2016-04-15 14:00:00,59.7,51,82,373
4388161847,2016-04-15 15:00:00,64.4,53,117,405
4388161847,2016-04-15 16:00:00,84.9,57,113,440
4388161847,2016-04-15 17:00:00,69.1,57,97,376
4388161847,2016-04-15 18:00:00,71.7,55,94,393
4388161847,2016-04-15 19:00:00,74.5,58,93,382
4388161847,2016-04-15 20:00:00,72.5,63,89,390
4388161847,2016-04-15 21:00:00,74.7,63,100,399
4388161847,2016-04-15 22:00:00,79.9,70,103,382
4388161847,2016-04-15 23:00:00,82.4,69,122,398
4388161847,2016-04-16 00:00:00,74.6,67,93,325
4388161847,2016-04-16 01:00:00,71.4,63,93,325
4388161847,2016-04-16 02:00:00,68.2,60,90,323
4388161847,2016-04-16 03:00:00,64.2,59,85,338
4388161847,2016-04-16 04:00:00,67.0,60,97,342
4388161847,2016-04-16 05:00:00,63.7,57,84,342
4388161847,2016-04-16 06:00:00,73.4,58,114,403
4388161847,2016-04-16 07:00:00,77.9,64,96,352
4388161847,2016-04-16 08:00:00,86.1,61,142,440
4388161847,2016-04-16 09:00:00,91.5,70,108,359
4388161847,2016-04-16 10:00:00,81.3,63,104,417
4388161847,2016-04-16 11:00:00,77.3,61,101,402
4388161847,2016-04-16 12:00:00,76.7,66,93,371
4388161847,2016-04-16 13:00:00,81.3,64,104,443
4388161847,2016-04-16 14:00:00,85.4,66,116,447
4388161847,2016-04-16 15:00:00,77.8,69,99,384
4388161847,2016-04-16 16:00:00,73.1,59,91,358
4388161847,2016-04-16 17:00:00,71.6,62,83,384
4388161847,2016-04-16 18:00:00,77.7,61,97,419
4388161847,2016-04-16 19:00:00,78.2,69,94,381
4388161847,2016-04-16 20:00:00,77.3,69,88,365
4388161847,2016-04-16 21:00:00,74.6,58,113,414
4388161847,2016-04-16 22:00:00,64.6,57,84,319
4388161847,2016-04-16 23:00:00,63.7,56,70,317
4388161847,2016-04-17 00:00:00,63.2,55,79,347
4388161847,2016-04-17 01:00:00,62.8,57,74,346
4388161847,2016-04-17 02:00:00,62.8,56,74,349
4388161847,2016-04-17 03:00:00,57.0,52,82,333
4388161847,2016-04-17 04:00:00,56.1,51,77,338
4388161847,2016-04-17 05:00:00,56.2,49,82,354
4388161847,2016-04-17 06:00:00,64.4,50,92,391
4388161847,2016-04-17 07:00:00,74.5,59,91,379
4388161847,2016-04-17 08:00:00,74.0,60,110,403
4388161847,2016-04-17 09:00:00,75.2,61,97,449
4388161847,2016-04-17 10:00:00,69.4,58,102,404
4388161847,2016-04-17 11:00:00,65.6,56,85,366
4388161847,2016-04-17 12:00:00,74.8,57,113,410
4388161847,2016-04-17 13:00:00,71.1,59,97,350
4388161847,2016-04-17 14:00:00,69.7,61,90,349
4388161847,2016-04-17 15:00:00,64.0,54,80,354
4388161847,2016-04-17 16:00:00,65.6,50,93,380
4388161847,2016-04-17 17:00:00,65.2,53,109,405
4388161847,2016-04-17 18:00:00,66.7,54,96,436
4388161847,2016-04-17 19:00:00,64.8,53,89,392
4388161847,2016-04-17 20:00:00,66.8,57,93,380
4388161847,2016-04-17 21:00:00,64.2,55,93,372
4388161847,2016-04-17 22:00:00,66.7,57,95,263
4388161847,2016-04-18 06:00:00,84.9,73,98,61
4388161847,2016-04-18 07:00:00,77.8,60,109,442
4388161847,2016-04-18 08:00:00,69.5,59,91,389
4388161847,2016-04-18 09:00:00,63.6,57,88,368
4388161847,2016-04-18 10:00:00,62.5,51,93,399
4388161847,2016-04-18 11:00:00,71.7,57,88,409
4388161847,2016-04-18 12:00:00,70.1,60,104,372
4388161847,2016-04-18 13:00:00,68.1,55,104,382
4388161847,2016-04-18 14:00:00,63.4,55,80,389
4388161847,2016-04-18 15:00:00,64.1,54,98,395
4388161847,2016-04-18 16:00:00,118.9,55,174,737
4388161847,2016-04-18 17:00:00,107.8,69,176,1209
4388161847,2016-04-18 18:00:00,91.6,74,140,535
4388161847,2016-04-18 19:00:00,82.5,65,119,429
4388161847,2016-04-18 20:00:00,80.3,62,110,458
4388161847,2016-04-18 21:00:00,70.3,63,81,344
4388161847,2016-04-18 22:00:00,68.1,58,114,354
4388161847,2016-04-18 23:00:00,59.1,50,81,379
4388161847,2016-04-19 00:00:00,55.6,52,76,341
4388161847,2016-04-19 01:00:00,52.9,49,80,327
4388161847,2016-04-19 02:00:00,52.3,48,68,315
4388161847,2016-04-19 03:00:00,51.3,46,77,347
4388161847,2016-04-19 04:00:00,55.4,47,96,357
4388161847,2016-04-19 05:00:00,85.8,55,136,484
4388161847,2016-04-19 06:00:00,90.5,69,127,516
4388161847,2016-04-19 07:00:00,67.0,58,106,409
4388161847,2016-04-19 08:00:00,61.4,50,101,379
4388161847,2016-04-19 09:00:00,60.3,50,91,392
4388161847,2016-04-19 10:00:00,60.4,50,95,383
4388161847,2016-04-19 11:00:00,62.8,53,86,379
4388161847,2016-04-19 12:00:00,62.9,54,95,382
4388161847,2016-04-19 13:00:00,57.7,50,73,366
4388161847,2016-04-19 14:00:00,60.5,51,88,371
4388161847,2016-04-19 15:00:00,58.9,53,86,327
4388161847,2016-04-19 16:00:00,72.6,52,108,453
4388161847,2016-04-19 17:00:00,74.8,55,95,429
4388161847,2016-04-19 18:00:00,72.7,56,108,449
4388161847,2016-04-19 19:00:00,67.7,59,84,329
4388161847,2016-04-19 20:00:00,76.0,63,96,454
4388161847,2016-04-19 21:00:00,66.1,56,85,383
4388161847,2016-04-19 22:00:00,61.4,54,88,360
4388161847,2016-04-19 23:00:00,56.6,50,77,342
4388161847,2016-04-20 00:00:00,53.8,48,64,328
4388161847,2016-04-20 01:00:00,54.8,47,83,322
4388161847,2016-04-20 02:00:00,52.8,48,86,312
4388161847,2016-04-20 03:00:00,52.8,46,79,338
4388161847,2016-04-20 04:00:00,54.1,47,78,358
4388161847,2016-04-20 05:00:00,79.9,54,149,516
4388161847,2016-04-20 06:00:00,87.8,65,145,493
4388161847,2016-04-20 07:00:00,66.1,56,83,388
4388161847,2016-04-20 08:00:00,61.4,53,83,382
4388161847,2016-04-20 09:00:00,59.2,52,69,372
4388161847,2016-04-20 10:00:00,61.6,52,89,372
4388161847,2016-04-20 11:00:00,63.5,53,90,361
4388161847,2016-04-20 12:00:00,65.6,56,94,394
4388161847,2016-04-20 13:00:00,64.3,54,92,369
4388161847,2016-04-20 14:00:00,60.1,53,70,350
4388161847,2016-04-20 15:00:00,61.6,55,87,360
4388161847,2016-04-20 16:00:00,69.5,54,101,417
4388161847,2016-04-20 17:00:00,81.3,59,108,464
4388161847,2016-04-20 18:00:00,67.4,57,98,397
4388161847,2016-04-20 19:00:00,73.7,54,105,453
4388161847,2016-04-20 20:00:00,69.8,58,95,422
4388161847,2016-04-20 21:00:00,63.5,55,82,361
4388161847,2016-04-20 22:00:00,61.7,54,81,344
4388161847,2016-04-20 23:00:00,55.4,48,77,343
4388161847,2016-04-21 00:00:00,54.9,52,73,322
4388161847,2016-04-21 01:00:00,52.8,45,67,352
4388161847,2016-04-21 02:00:00,50.0,45,67,330
4388161847,2016-04-21 03:00:00,49.1,44,74,331
4388161847,2016-04-21 04:00:00,49.1,42,73,345
4388161847,2016-04-21 05:00:00,68.7,47,109,464
4388161847,2016-04-21 06:00:00,73.4,56,97,447
4388161847,2016-04-21 07:00:00,62.5,52,85,385
4388161847,2016-04-21 08:00:00,57.5,48,83,351
4388161847,2016-04-21 09:00:00,55.8,48,67,355
4388161847,2016-04-21 10:00:00,59.6,47,93,389
4388161847,2016-04-21 11:00:00,60.6,51,96,350
4388161847,2016-04-21 12:00:00,60.1,50,79,371
4388161847,2016-04-21 13:00:00,59.7,52,89,364
4388161847,2016-04-21 14:00:00,57.1,50,72,356
4388161847,2016-04-21 15:00:00,60.9,52,85,368
4388161847,2016-04-21 16:00:00,71.7,56,110,354
4388161847,2016-04-21 17:00:00,73.3,57,146,180
4388161847,2016-04-21 18:00:00,84.1,55,118,459
4388161847,2016-04-21 19:00:00,76.7,55,102,483
4388161847,2016-04-21 20:00:00,74.1,58,112,402
4388161847,2016-04-21 21:00:00,60.5,57,68,149
4388161847,2016-04-22 06:00:00,105.9,56,149,476
4388161847,2016-04-22 07:00:00,67.3,49,135,396
4388161847,2016-04-22 08:00:00,87.1,61,134,523
4388161847,2016-04-22 09:00:00,76.6,59,100,477
4388161847,2016-04-22 10:00:00,70.5,58,91,459
4388161847,2016-04-22 11:00:00,64.6,58,77,384
4388161847,2016-04-22 12:00:00,67.1,54,83,394
4388161847,2016-04-22 13:00:00,71.4,63,77,368
4388161847,2016-04-22 14:00:00,70.4,59,81,394
4388161847,2016-04-22 15:00:00,72.9,58,102,399
4388161847,2016-04-22 16:00:00,76.7,67,95,339
4388161847,2016-04-22 17:00:00,71.7,59,102,352
4388161847,2016-04-22 18:00:00,80.0,61,123,501
4388161847,2016-04-22 19:00:00,61.4,53,81,359
4388161847,2016-04-22 20:00:00,64.6,53,85,376
4388161847,2016-04-22 21:00:00,67.3,58,79,356
4388161847,2016-04-22 22:00:00,65.1,55,93,361
4388161847,2016-04-22 23:00:00,62.0,55,73,384
4388161847,2016-04-23 00:00:00,56.0,47,78,355
4388161847,2016-04-23 01:00:00,53.1,44,69,339
4388161847,2016-04-23 02:00:00,54.4,48,78,339
4388161847,2016-04-23 03:00:00,54.3,46,78,338
4388161847,2016-04-23 04:00:00,52.7,46,73,346
4388161847,2016-04-23 05:00:00,53.6,49,71,322
4388161847,2016-04-23 06:00:00,56.6,47,86,325
4388161847,2016-04-23 07:00:00,60.9,54,74,335
4388161847,2016-04-23 08:00:00,59.4,50,70,343
4388161847,2016-04-23 09:00:00,62.3,55,72,346
4388161847,2016-04-23 10:00:00,70.1,51,99,390
4388161847,2016-04-23 11:00:00,70.7,55,107,439
4388161847,2016-04-23 12:00:00,68.2,54,99,440
4388161847,2016-04-23 13:00:00,79.7,56,127,531
4388161847,2016-04-23 14:00:00,119.5,54,158,586
4388161847,2016-04-23 15:00:00,65.8,52,95,468
4388161847,2016-04-23 16:00:00,68.6,55,78,444
4388161847,2016-04-23 17:00:00,70.7,62,82,392
4388161847,2016-04-23 18:00:00,70.5,53,92,414
4388161847,2016-04-23 19:00:00,63.2,46,82,379
4388161847,2016-04-23 20:00:00,64.7,51,82,373
4388161847,2016-04-23 21:00:00,56.5,50,70,342
4388161847,2016-04-23 22:00:00,64.9,52,98,396
4388161847,2016-04-23 23:00:00,66.0,58,91,344
4388161847,2016-04-24 00:00:00,61.0,53,89,354
4388161847,2016-04-24 01:00:00,58.5,50,73,359
4388161847,2016-04-24 02:00:00,55.4,49,76,345
4388161847,2016-04-24 03:00:00,55.9,50,75,345
4388161847,2016-04-24 04:00:00,54.5,48,78,317
4388161847,2016-04-24 05:00:00,56.3,50,76,348
4388161847,2016-04-24 06:00:00,64.7,52,119,401
4388161847,2016-04-24 07:00:00,61.5,52,72,363
4388161847,2016-04-24 08:00:00,59.2,48,93,385
4388161847,2016-04-24 09:00:00,52.1,45,60,332
4388161847,2016-04-24 10:00:00,56.0,44,93,375
4388161847,2016-04-24 11:00:00,59.5,53,77,349
4388161847,2016-04-24 12:00:00,67.8,52,95,457
4388161847,2016-04-24 13:00:00,69.9,53,100,460
4388161847,2016-04-24 14:00:00,71.7,51,131,491
4388161847,2016-04-24 15:00:00,69.5,54,139,454
4388161847,2016-04-24 16:00:00,59.6,54,75,324
4388161847,2016-04-24 17:00:00,56.3,49,73,353
4388161847,2016-04-24 18:00:00,64.5,51,92,411
4388161847,2016-04-24 19:00:00,61.7,52,83,388
4388161847,2016-04-24 20:00:00,74.3,56,99,502
4388161847,2016-04-24 21:00:00,61.6,52,82,375
4388161847,2016-04-24 22:00:00,57.5,52,66,175
4388161847,2016-04-25 05:00:00,69.2,54,95,498
4388161847,2016-04-25 06:00:00,72.3,54,107,453
4388161847,2016-04-25 07:00:00,67.8,58,88,410
4388161847,2016-04-25 08:00:00,65.7,58,86,362
4388161847,2016-04-25 09:00:00,60.4,53,97,389
4388161847,2016-04-25 10:00:00,58.3,50,83,372
4388161847,2016-04-25 11:00:00,66.1,53,88,395
4388161847,2016-04-25 12:00:00,63.9,56,75,372
4388161847,2016-04-25 13:00:00,60.4,53,91,363
4388161847,2016-04-25 14:00:00,59.3,52,72,383
4388161847,2016-04-25 15:00:00,57.6,50,88,386
4388161847,2016-04-25 16:00:00,68.5,52,112,444
4388161847,2016-04-25 17:00:00,87.1,55,150,506
4388161847,2016-04-25 18:00:00,71.4,51,103,418
4388161847,2016-04-25 19:00:00,81.2,59,112,461
4388161847,2016-04-25 20:00:00,83.8,60,114,482
4388161847,2016-04-25 21:00:00,64.3,50,108,363
4388161847,2016-04-25 22:00:00,55.4,46,97,364
4388161847,2016-04-25 23:00:00,51.3,45,72,338
4388161847,2016-04-26 00:00:00,51.8,43,69,330
4388161847,2016-04-26 01:00:00,53.9,47,81,345
4388161847,2016-04-26 02:00:00,51.3,42,61,343
4388161847,2016-04-26 03:00:00,53.8,44,78,349
4388161847,2016-04-26 04:00:00,52.5,44,71,336
4388161847,2016-04-26 05:00:00,76.7,52,128,479
4388161847,2016-04-26 06:00:00,82.7,61,116,510
4388161847,2016-04-26 07:00:00,67.5,54,94,399
4388161847,2016-04-26 08:00:00,61.2,53,78,354
4388161847,2016-04-26 09:00:00,59.7,49,97,412
4388161847,2016-04-26 10:00:00,60.5,50,85,399
4388161847,2016-04-26 11:00:00,63.7,56,88,388
4388161847,2016-04-26 12:00:00,64.7,55,86,408
4388161847,2016-04-26 13:00:00,60.2,49,81,378
4388161847,2016-04-26 14:00:00,63.0,54,86,374
4388161847,2016-04-26 15:00:00,60.1,53,81,376
4388161847,2016-04-26 16:00:00,62.3,48,104,402
4388161847,2016-04-26 17:00:00,68.9,52,98,476
4388161847,2016-04-26 18:00:00,64.0,55,81,391
4388161847,2016-04-26 19:00:00,63.9,57,80,358
4388161847,2016-04-26 20:00:00,63.3,54,100,381
4388161847,2016-04-26 21:00:00,60.0,51,80,343
4388161847,2016-04-26 22:00:00,59.7,52,72,342
4388161847,2016-04-26 23:00:00,56.6,47,75,356
4388161847,2016-04-27 00:00:00,50.9,44,76,378
4388161847,2016-04-27 01:00:00,53.2,48,77,348
4388161847,2016-04-27 02:00:00,50.2,42,76,360
4388161847,2016-04-27 03:00:00,47.7,42,68,331
4388161847,2016-04-27 04:00:00,47.6,42,71,341
4388161847,2016-04-27 05:00:00,66.3,51,122,447
4388161847,2016-04-27 06:00:00,66.9,50,115,409
4388161847,2016-04-27 07:00:00,58.1,52,77,372
4388161847,2016-04-27 08:00:00,56.9,50,87,371
4388161847,2016-04-27 09:00:00,55.8,44,93,369
4388161847,2016-04-27 10:00:00,58.4,46,93,374
4388161847,2016-04-27 11:00:00,64.1,50,85,429
4388161847,2016-04-27 12:00:00,66.9,56,100,412
4388161847,2016-04-27 13:00:00,59.9,54,74,361
4388161847,2016-04-27 14:00:00,59.1,53,72,384
4388161847,2016-04-27 15:00:00,62.6,55,84,376
4388161847,2016-04-27 16:00:00,70.4,53,153,427
4388161847,2016-04-27 17:00:00,72.0,54,114,470
4388161847,2016-04-27 18:00:00,86.2,70,117,547
4388161847,2016-04-27 19:00:00,67.6,57,92,403
4388161847,2016-04-27 20:00:00,64.4,54,84,390
4388161847,2016-04-27 21:00:00,62.6,53,86,370
4388161847,2016-04-27 22:00:00,60.9,55,82,339
4388161847,2016-04-27 23:00:00,60.3,49,85,343
4388161847,2016-04-28 00:00:00,52.8,47,72,360
4388161847,2016-04-28 01:00:00,50.3,45,73,327
4388161847,2016-04-28 02:00:00,47.9,41,61,332
4388161847,2016-04-28 03:00:00,48.4,43,71,333
4388161847,2016-04-28 04:00:00,47.8,41,75,346
4388161847,2016-04-28 05:00:00,74.9,46,126,498
4388161847,2016-04-28 06:00:00,81.0,52,131,490
4388161847,2016-04-28 07:00:00,70.4,61,85,381
4388161847,2016-04-28 08:00:00,65.2,50,91,361
4388161847,2016-04-28 09:00:00,55.6,44,67,367
4388161847,2016-04-28 10:00:00,60.2,49,87,421
4388161847,2016-04-28 11:00:00,59.8,50,85,427
4388161847,2016-04-28 12:00:00,62.2,54,90,372
4388161847,2016-04-28 13:00:00,61.1,53,79,371
4388161847,2016-04-28 14:00:00,58.8,49,74,349
4388161847,2016-04-28 15:00:00,56.0,50,70,358
4388161847,2016-04-28 16:00:00,73.5,55,102,319
4388161847,2016-04-28 17:00:00,74.4,54,109,331
4388161847,2016-04-28 18:00:00,65.3,49,89,419
4388161847,2016-04-28 19:00:00,63.7,53,95,397
4388161847,2016-04-28 20:00:00,68.8,62,100,227
4388161847,2016-04-29 05:00:00,72.2,51,130,476
4388161847,2016-04-29 06:00:00,81.9,61,133,483
4388161847,2016-04-29 07:00:00,66.0,53,93,405
4388161847,2016-04-29 08:00:00,58.1,49,90,368
4388161847,2016-04-29 09:00:00,58.7,50,88,376
4388161847,2016-04-29 10:00:00,59.2,50,107,376
4388161847,2016-04-29 11:00:00,57.1,44,78,370
4388161847,2016-04-29 12:00:00,59.0,47,83,378
4388161847,2016-04-29 13:00:00,61.3,53,82,385
4388161847,2016-04-29 14:00:00,65.6,54,94,388
4388161847,2016-04-29 15:00:00,72.9,66,79,338
4388161847,2016-04-29 16:00:00,72.1,62,83,359
4388161847,2016-04-29 17:00:00,68.5,57,96,430
4388161847,2016-04-29 18:00:00,67.2,55,82,422
4388161847,2016-04-29 19:00:00,64.7,54,80,399
4388161847,2016-04-29 20:00:00,70.6,58,92,425
4388161847,2016-04-29 21:00:00,66.3,58,76,368
4388161847,2016-04-29 22:00:00,66.7,54,89,378
4388161847,2016-04-29 23:00:00,61.5,54,78,365
4388161847,2016-04-30 00:00:00,60.1,51,88,334
4388161847,2016-04-30 01:00:00,51.7,45,68,338
4388161847,2016-04-30 02:00:00,52.9,47,76,347
4388161847,2016-04-30 03:00:00,53.5,47,72,322
4388161847,2016-04-30 04:00:00,55.5,49,83,338
4388161847,2016-04-30 05:00:00,52.7,47,83,355
4388161847,2016-04-30 06:00:00,59.5,45,95,373
4388161847,2016-04-30 07:00:00,56.5,47,75,377
4388161847,2016-04-30 08:00:00,56.6,49,66,366
4388161847,2016-04-30 09:00:00,73.9,51,104,466
4388161847,2016-04-30 10:00:00,68.8,54,97,399
4388161847,2016-04-30 11:00:00,87.4,62,113,480
4388161847,2016-04-30 12:00:00,82.1,55,106,492
4388161847,2016-04-30 13:00:00,72.5,59,105,447
4388161847,2016-04-30 14:00:00,58.9,54,74,359
4388161847,2016-04-30 15:00:00,60.0,54,76,360
4388161847,2016-04-30 16:00:00,69.8,53,113,428
4388161847,2016-04-30 17:00:00,60.5,51,77,391
4388161847,2016-04-30 18:00:00,66.9,53,93,424
4388161847,2016-04-30 19:00:00,64.0,53,94,387
4388161847,2016-04-30 20:00:00,74.7,52,112,463
4388161847,2016-04-30 21:00:00,64.3,54,95,386
4388161847,2016-04-30 22:00:00,56.4,49,73,326
4388161847,2016-04-30 23:00:00,54.5,49,78,344
4388161847,2016-05-01 00:00:00,56.3,50,74,331
4388161847,2016-05-01 01:00:00,51.9,43,79,347
4388161847,2016-05-01 02:00:00,49.2,44,74,335
4388161847,2016-05-01 03:00:00,49.9,43,73,348
4388161847,2016-05-01 04:00:00,46.9,39,70,335
4388161847,2016-05-01 05:00:00,48.1,42,80,343
4388161847,2016-05-01 06:00:00,47.7,42,75,337
4388161847,2016-05-01 07:00:00,49.0,42,82,348
4388161847,2016-05-01 08:00:00,69.3,42,103,492
4388161847,2016-05-01 09:00:00,61.1,53,78,371
4388161847,2016-05-01 10:00:00,65.9,52,98,401
4388161847,2016-05-01 11:00:00,68.3,52,98,392
4388161847,2016-05-01 12:00:00,69.8,54,92,403
4388161847,2016-05-01 13:00:00,67.9,54,92,423
4388161847,2016-05-01 14:00:00,57.6,53,78,333
4388161847,2016-05-01 15:00:00,72.1,51,100,428
4388161847,2016-05-01 16:00:00,65.1,57,95,363
4388161847,2016-05-01 17:00:00,71.9,59,102,287
4388161847,2016-05-01 18:00:00,68.6,60,90,395
4388161847,2016-05-01 19:00:00,68.7,52,105,422
4388161847,2016-05-01 20:00:00,58.3,48,85,380
4388161847,2016-05-01 21:00:00,55.5,50,69,367
4388161847,2016-05-01 22:00:00,53.3,44,80,348
4388161847,2016-05-01 23:00:00,52.9,47,66,308
4388161847,2016-05-02 00:00:00,56.9,48,117,364
4388161847,2016-05-02 01:00:00,56.2,50,74,370
4388161847,2016-05-02 02:00:00,53.6,45,79,338
4388161847,2016-05-02 03:00:00,50.4,45,80,337
4388161847,2016-05-02 04:00:00,48.6,43,65,335
4388161847,2016-05-02 05:00:00,55.5,47,82,348
4388161847,2016-05-02 06:00:00,75.0,59,110,405
4388161847,2016-05-02 07:00:00,71.1,56,109,440
4388161847,2016-05-02 08:00:00,62.0,54,74,363
4388161847,2016-05-02 09:00:00,57.5,49,79,374
4388161847,2016-05-02 10:00:00,57.7,49,103,384
4388161847,2016-05-02 11:00:00,60.2,52,99,371
4388161847,2016-05-02 12:00:00,60.4,53,97,366
4388161847,2016-05-02 13:00:00,62.3,55,82,331
4388161847,2016-05-02 14:00:00,60.6,54,68,334
4388161847,2016-05-02 15:00:00,58.8,53,106,359
4388161847,2016-05-02 16:00:00,72.0,54,116,412
4388161847,2016-05-02 17:00:00,70.7,55,106,405
4388161847,2016-05-02 18:00:00,115.7,61,180,511
4388161847,2016-05-02 19:00:00,86.5,62,105,413
4388161847,2016-05-02 20:00:00,68.7,54,101,399
4388161847,2016-05-02 21:00:00,72.2,55,114,257
4388161847,2016-05-03 05:00:00,91.4,56,135,493
4388161847,2016-05-03 06:00:00,81.0,58,114,479
4388161847,2016-05-03 07:00:00,64.5,53,99,414
4388161847,2016-05-03 08:00:00,60.6,50,88,385
4388161847,2016-05-03 09:00:00,63.8,53,109,421
4388161847,2016-05-03 10:00:00,60.5,51,75,395
4388161847,2016-05-03 11:00:00,63.5,53,90,373
4388161847,2016-05-03 12:00:00,63.5,44,78,388
4388161847,2016-05-03 13:00:00,60.1,53,75,364
4388161847,2016-05-03 14:00:00,57.8,50,86,363
4388161847,2016-05-03 15:00:00,59.0,50,91,371
4388161847,2016-05-03 16:00:00,67.2,48,106,411
4388161847,2016-05-03 17:00:00,71.4,48,103,448
4388161847,2016-05-03 18:00:00,80.6,56,117,522
4388161847,2016-05-03 19:00:00,73.0,54,101,443
4388161847,2016-05-03 20:00:00,58.9,50,88,387
4388161847,2016-05-03 21:00:00,55.8,46,83,381
4388161847,2016-05-03 22:00:00,56.5,50,73,348
4388161847,2016-05-03 23:00:00,56.8,48,74,354
4388161847,2016-05-04 00:00:00,51.1,45,79,352
4388161847,2016-05-04 01:00:00,52.2,43,70,343
4388161847,2016-05-04 02:00:00,50.7,42,86,346
4388161847,2016-05-04 03:00:00,47.7,43,61,323
4388161847,2016-05-04 04:00:00,47.9,43,72,341
4388161847,2016-05-04 05:00:00,68.1,45,120,440
4388161847,2016-05-04 06:00:00,80.9,61,104,463
4388161847,2016-05-04 07:00:00,61.4,52,87,386
4388161847,2016-05-04 08:00:00,56.6,48,80,367
4388161847,2016-05-04 09:00:00,59.6,49,94,410
4388161847,2016-05-04 10:00:00,58.6,46,105,381
4388161847,2016-05-04 11:00:00,65.1,55,90,361
4388161847,2016-05-04 12:00:00,65.9,55,99,380
4388161847,2016-05-04 13:00:00,61.7,55,73,361
4388161847,2016-05-04 14:00:00,54.8,48,71,363
4388161847,2016-05-04 15:00:00,59.1,51,77,352
4388161847,2016-05-04 16:00:00,69.5,54,102,452
4388161847,2016-05-04 17:00:00,85.4,54,126,465
4388161847,2016-05-04 18:00:00,72.6,53,112,410
4388161847,2016-05-04 19:00:00,59.6,48,90,399
4388161847,2016-05-04 20:00:00,63.0,50,89,412
4388161847,2016-05-04 21:00:00,59.4,52,87,353
4388161847,2016-05-04 22:00:00,59.4,52,90,346
4388161847,2016-05-04 23:00:00,56.4,47,85,366
4388161847,2016-05-05 00:00:00,51.0,44,76,338
4388161847,2016-05-05 01:00:00,52.1,45,79,316
4388161847,2016-05-05 02:00:00,52.6,45,75,360
4388161847,2016-05-05 03:00:00,53.3,42,121,347
4388161847,2016-05-05 04:00:00,49.4,42,77,335
4388161847,2016-05-05 05:00:00,68.2,50,114,470
4388161847,2016-05-05 06:00:00,82.0,57,123,461
4388161847,2016-05-05 07:00:00,60.4,51,92,388
4388161847,2016-05-05 08:00:00,58.9,47,85,399
4388161847,2016-05-05 09:00:00,53.2,46,63,353
4388161847,2016-05-05 10:00:00,56.8,46,88,385
4388161847,2016-05-05 11:00:00,63.0,54,106,385
4388161847,2016-05-05 12:00:00,60.9,47,98,382
4388161847,2016-05-05 13:00:00,57.2,47,72,357
4388161847,2016-05-05 14:00:00,55.5,47,76,372
4388161847,2016-05-05 15:00:00,57.9,48,91,376
4388161847,2016-05-05 16:00:00,73.6,53,114,435
4388161847,2016-05-05 17:00:00,75.7,57,101,428
4388161847,2016-05-05 18:00:00,60.2,50,83,386
4388161847,2016-05-05 19:00:00,61.1,48,94,414
4388161847,2016-05-05 20:00:00,68.5,54,90,110
4388161847,2016-05-06 03:00:00,64.7,47,109,207
4388161847,2016-05-06 04:00:00,66.5,51,100,439
4388161847,2016-05-06 05:00:00,95.2,51,151,524
4388161847,2016-05-06 06:00:00,74.7,56,104,433
4388161847,2016-05-06 07:00:00,65.3,53,106,406
4388161847,2016-05-06 08:00:00,57.8,49,72,381
4388161847,2016-05-06 09:00:00,59.9,52,78,395
4388161847,2016-05-06 10:00:00,63.0,53,114,422
4388161847,2016-05-06 11:00:00,63.4,53,87,357
4388161847,2016-05-06 12:00:00,65.4,53,91,386
4388161847,2016-05-06 13:00:00,59.6,53,80,358
4388161847,2016-05-06 14:00:00,57.9,50,78,361
4388161847,2016-05-06 15:00:00,58.9,50,89,381
4388161847,2016-05-06 16:00:00,74.1,60,88,381
4388161847,2016-05-06 17:00:00,78.5,68,107,371
4388161847,2016-05-06 18:00:00,73.2,59,100,394
4388161847,2016-05-06 19:00:00,72.7,59,83,385
4388161847,2016-05-06 20:00:00,83.4,61,114,496
4388161847,2016-05-06 21:00:00,72.2,59,103,427
4388161847,2016-05-06 22:00:00,63.0,55,83,350
4388161847,2016-05-06 23:00:00,62.9,54,81,334
4388161847,2016-05-07 00:00:00,58.3,52,83,308
4388161847,2016-05-07 01:00:00,57.3,53,77,342
4388161847,2016-05-07 02:00:00,58.4,51,80,351
4388161847,2016-05-07 03:00:00,54.1,45,75,345
4388161847,2016-05-07 04:00:00,51.8,46,68,322
4388161847,2016-05-07 05:00:00,50.6,43,80,342
4388161847,2016-05-07 06:00:00,48.7,44,65,340
4388161847,2016-05-07 07:00:00,48.7,41,78,347
4388161847,2016-05-07 08:00:00,63.1,45,97,395
4388161847,2016-05-07 09:00:00,81.0,57,108,441
4388161847,2016-05-07 10:00:00,67.2,54,100,455
4388161847,2016-05-07 11:00:00,81.0,53,144,471
4388161847,2016-05-07 12:00:00,93.2,59,153,520
4388161847,2016-05-07 13:00:00,75.2,57,107,437
4388161847,2016-05-07 14:00:00,63.6,56,76,334
4388161847,2016-05-07 15:00:00,58.7,50,89,351
4388161847,2016-05-07 16:00:00,88.5,56,129,484
4388161847,2016-05-07 17:00:00,82.3,60,118,467
4388161847,2016-05-07 18:00:00,67.5,47,101,435
4388161847,2016-05-07 19:00:00,64.6,50,100,466
4388161847,2016-05-07 20:00:00,68.3,48,90,497
4388161847,2016-05-07 21:00:00,62.2,49,83,416
4388161847,2016-05-07 22:00:00,61.1,49,85,378
4388161847,2016-05-07 23:00:00,54.6,49,67,365
4388161847,2016-05-08 00:00:00,53.3,49,74,388
4388161847,2016-05-08 01:00:00,51.7,43,69,346
4388161847,2016-05-08 02:00:00,52.4,44,69,337
4388161847,2016-05-08 03:00:00,51.1,46,75,346
4388161847,2016-05-08 04:00:00,50.7,44,79,353
4388161847,2016-05-08 05:00:00,50.3,44,73,310
4388161847,2016-05-08 06:00:00,49.9,44,74,349
4388161847,2016-05-08 07:00:00,48.3,43,80,343
4388161847,2016-05-08 08:00:00,56.4,44,94,394
4388161847,2016-05-08 09:00:00,54.6,46,77,392
4388161847,2016-05-08 10:00:00,120.9,59,167,760
4388161847,2016-05-08 11:00:00,65.9,56,83,337
4388161847,2016-05-08 12:00:00,63.8,53,98,388
4388161847,2016-05-08 13:00:00,107.5,57,166,447
4388161847,2016-05-08 14:00:00,88.6,67,117,457
4388161847,2016-05-08 15:00:00,75.3,64,111,416
4388161847,2016-05-08 16:00:00,69.3,61,81,418
4388161847,2016-05-08 17:00:00,72.8,53,101,459
4388161847,2016-05-08 18:00:00,71.3,61,106,458
4388161847,2016-05-08 19:00:00,127.4,51,171,900
4388161847,2016-05-08 20:00:00,94.4,63,141,495
4388161847,2016-05-08 21:00:00,64.0,53,76,148
4388161847,2016-05-09 05:00:00,69.1,52,104,422
4388161847,2016-05-09 06:00:00,80.6,57,140,445
4388161847,2016-05-09 07:00:00,61.2,53,94,372
4388161847,2016-05-09 08:00:00,58.9,51,79,384
4388161847,2016-05-09 09:00:00,59.1,53,75,356
4388161847,2016-05-09 10:00:00,60.6,48,89,373
4388161847,2016-05-09 11:00:00,61.2,53,89,351
4388161847,2016-05-09 12:00:00,59.7,52,81,373
4388161847,2016-05-09 13:00:00,59.4,53,78,356
4388161847,2016-05-09 14:00:00,57.8,52,73,358
4388161847,2016-05-09 15:00:00,56.7,47,78,384
4388161847,2016-05-09 16:00:00,66.5,50,104,447
4388161847,2016-05-09 17:00:00,73.7,53,104,417
4388161847,2016-05-09 18:00:00,74.3,51,97,448
4388161847,2016-05-09 19:00:00,77.4,54,123,510
4388161847,2016-05-09 20:00:00,62.0,55,88,345
4388161847,2016-05-09 21:00:00,58.6,50,90,367
4388161847,2016-05-09 22:00:00,54.9,47,80,386
4388161847,2016-05-09 23:00:00,50.9,44,65,331
4388161847,2016-05-10 00:00:00,50.5,44,70,311
4388161847,2016-05-10 01:00:00,47.3,42,70,340
4388161847,2016-05-10 02:00:00,47.6,41,69,342
4388161847,2016-05-10 03:00:00,46.5,41,75,333
4388161847,2016-05-10 04:00:00,44.9,41,61,336
4388161847,2016-05-10 05:00:00,80.0,43,116,503
4388161847,2016-05-10 06:00:00,80.0,59,121,480
4388161847,2016-05-10 07:00:00,63.9,55,84,385
4388161847,2016-05-10 08:00:00,62.1,51,85,408
4388161847,2016-05-10 09:00:00,64.2,52,73,405
4388161847,2016-05-10 10:00:00,65.9,53,76,415
4388161847,2016-05-10 11:00:00,67.4,54,87,365
4388161847,2016-05-10 12:00:00,59.2,53,72,375
4388161847,2016-05-10 13:00:00,57.8,48,79,382
4388161847,2016-05-10 14:00:00,56.5,48,77,358
4388161847,2016-05-10 15:00:00,55.4,46,75,377
4388161847,2016-05-10 16:00:00,55.2,48,71,364
4388161847,2016-05-10 17:00:00,68.4,48,110,466
4388161847,2016-05-10 18:00:00,69.7,55,87,429
4388161847,2016-05-10 19:00:00,71.5,55,95,471
4388161847,2016-05-10 20:00:00,61.6,52,88,390
4388161847,2016-05-10 21:00:00,56.7,50,73,349
4388161847,2016-05-10 22:00:00,54.9,47,75,356
4388161847,2016-05-10 23:00:00,54.7,47,75,345
4388161847,2016-05-11 00:00:00,54.2,48,70,298
4388161847,2016-05-11 01:00:00,50.1,43,68,300
4388161847,2016-05-11 02:00:00,47.8,42,73,322
4388161847,2016-05-11 03:00:00,46.1,40,72,342
4388161847,2016-05-11 04:00:00,46.7,41,72,311
4388161847,2016-05-11 05:00:00,66.5,44,125,429
4388161847,2016-05-11 06:00:00,81.6,60,114,459
4388161847,2016-05-11 07:00:00,62.1,52,96,388
4388161847,2016-05-11 08:00:00,57.5,44,84,389
4388161847,2016-05-11 09:00:00,55.3,44,75,364
4388161847,2016-05-11 10:00:00,56.6,46,93,421
4388161847,2016-05-11 11:00:00,60.6,50,79,379
4388161847,2016-05-11 12:00:00,62.5,52,93,401
4388161847,2016-05-11 13:00:00,59.1,52,77,389
4388161847,2016-05-11 14:00:00,54.9,47,69,348
4388161847,2016-05-11 15:00:00,55.4,45,76,397
4388161847,2016-05-11 16:00:00,65.3,50,106,456
4388161847,2016-05-11 17:00:00,69.2,50,112,473
4388161847,2016-05-11 18:00:00,59.7,50,83,389
4388161847,2016-05-11 19:00:00,66.8,49,95,423
4388161847,2016-05-11 20:00:00,63.2,50,101,348
4388161847,2016-05-12 06:00:00,78.0,62,99,99
4388161847,2016-05-12 07:00:00,68.6,53,136,418
4388161847,2016-05-12 08:00:00,57.9,49,84,362
4388161847,2016-05-12 09:00:00,55.1,44,70,374
4388161847,2016-05-12 10:00:00,54.9,46,76,363
4388161847,2016-05-12 11:00:00,60.6,47,97,376
4388161847,2016-05-12 12:00:00,63.7,49,92,419
4388161847,2016-05-12 13:00:00,58.2,48,83,368
4388161847,2016-05-12 14:00:00,57.5,46,82,376
4388161847,2016-05-12 15:00:00,56.0,50,62,81
4558609924,2016-04-12 06:00:00,79.9,68,92,111
4558609924,2016-04-12 07:00:00,76.5,61,93,406
4558609924,2016-04-12 08:00:00,72.7,60,87,395
4558609924,2016-04-12 09:00:00,81.9,68,98,420
4558609924,2016-04-12 10:00:00,74.9,64,86,446
4558609924,2016-04-12 11:00:00,72.7,60,87,361
4558609924,2016-04-12 12:00:00,68.6,57,87,375
4558609924,2016-04-12 13:00:00,73.8,60,98,391
4558609924,2016-04-12 14:00:00,79.3,64,94,311
4558609924,2016-04-12 15:00:00,74.3,66,88,60
4558609924,2016-04-12 16:00:00,80.8,66,99,453
4558609924,2016-04-12 17:00:00,83.5,66,104,465
4558609924,2016-04-12 18:00:00,82.4,70,97,422
4558609924,2016-04-12 19:00:00,77.1,65,99,399
4558609924,2016-04-12 20:00:00,75.3,65,94,258
4558609924,2016-04-12 21:00:00,74.2,62,88,332
4558609924,2016-04-12 22:00:00,71.6,61,85,368
4558609924,2016-04-13 07:00:00,70.3,70,71,6
4558609924,2016-04-13 08:00:00,71.0,71,71,4
4558609924,2016-04-13 11:00:00,88.0,70,106,119
4558609924,2016-04-13 12:00:00,85.6,73,108,458
4558609924,2016-04-13 13:00:00,86.4,69,99,242
4558609924,2016-04-13 14:00:00,80.6,66,101,414
4558609924,2016-04-13 15:00:00,75.3,64,88,393
4558609924,2016-04-13 16:00:00,94.2,64,144,469
4558609924,2016-04-13 17:00:00,88.9,73,109,414
4558609924,2016-04-13 18:00:00,78.1,70,101,124
4558609924,2016-04-14 09:00:00,90.7,75,105,255
4558609924,2016-04-14 10:00:00,83.6,63,103,413
4558609924,2016-04-14 11:00:00,73.3,63,88,342
4558609924,2016-04-14 12:00:00,79.1,67,98,364
4558609924,2016-04-14 13:00:00,79.9,70,96,420
4558609924,2016-04-14 14:00:00,84.5,70,100,447
4558609924,2016-04-14 15:00:00,83.1,70,100,371
4558609924,2016-04-14 16:00:00,87.9,70,108,443
4558609924,2016-04-14 17:00:00,86.8,72,107,443
4558609924,2016-04-14 18:00:00,82.0,67,103,377
4558609924,2016-04-14 19:00:00,83.1,68,103,403
4558609924,2016-04-14 20:00:00,84.6,66,102,455
4558609924,2016-04-14 21:00:00,70.5,57,99,368
4558609924,2016-04-14 22:00:00,64.6,56,95,230
4558609924,2016-04-15 01:00:00,60.0,60,60,4
4558609924,2016-04-15 08:00:00,80.2,72,89,170
4558609924,2016-04-15 09:00:00,82.5,72,97,416
4558609924,2016-04-15 10:00:00,84.5,63,98,433
4558609924,2016-04-15 11:00:00,85.4,73,115,430
4558609924,2016-04-15 12:00:00,84.6,72,105,440
4558609924,2016-04-15 13:00:00,109.3,67,140,1384
4558609924,2016-04-15 14:00:00,106.9,72,146,1300
4558609924,2016-04-15 15:00:00,88.4,68,107,426
4558609924,2016-04-15 16:00:00,88.5,76,113,299
4558609924,2016-04-15 17:00:00,90.8,72,125,461
4558609924,2016-04-15 18:00:00,82.8,71,99,379
4558609924,2016-04-15 19:00:00,87.0,68,136,442
4558609924,2016-04-15 20:00:00,78.1,63,89,404
4558609924,2016-04-15 21:00:00,72.6,63,87,356
4558609924,2016-04-15 22:00:00,70.9,59,94,396
4558609924,2016-04-15 23:00:00,71.5,58,88,362
4558609924,2016-04-16 00:00:00,69.9,55,98,382
4558609924,2016-04-16 01:00:00,65.0,55,78,354
4558609924,2016-04-16 02:00:00,64.2,58,76,107
4558609924,2016-04-16 09:00:00,79.3,60,89,188
4558609924,2016-04-16 10:00:00,79.8,66,93,430
4558609924,2016-04-16 11:00:00,74.1,63,86,394
4558609924,2016-04-16 12:00:00,76.4,58,125,426
4558609924,2016-04-16 13:00:00,78.8,62,94,412
4558609924,2016-04-16 14:00:00,83.0,65,103,464
4558609924,2016-04-16 15:00:00,78.8,63,97,459
4558609924,2016-04-16 16:00:00,78.6,64,95,417
4558609924,2016-04-16 17:00:00,76.7,62,95,432
4558609924,2016-04-16 18:00:00,75.1,66,87,418
4558609924,2016-04-16 19:00:00,90.3,67,135,475
4558609924,2016-04-16 20:00:00,74.0,57,98,387
4558609924,2016-04-16 21:00:00,67.4,56,89,370
4558609924,2016-04-16 22:00:00,71.4,58,93,389
4558609924,2016-04-16 23:00:00,76.3,65,104,377
4558609924,2016-04-17 00:00:00,83.7,70,93,13
4558609924,2016-04-17 09:00:00,83.9,72,102,409
4558609924,2016-04-17 10:00:00,80.0,62,97,452
4558609924,2016-04-17 11:00:00,85.7,68,129,485
4558609924,2016-04-17 12:00:00,93.4,67,136,529
4558609924,2016-04-17 13:00:00,80.0,68,105,401
4558609924,2016-04-17 14:00:00,87.0,68,112,376
4558609924,2016-04-17 15:00:00,89.3,73,100,404
4558609924,2016-04-17 16:00:00,84.7,70,115,423
4558609924,2016-04-17 17:00:00,90.2,72,109,430
4558609924,2016-04-17 18:00:00,76.1,63,85,397
4558609924,2016-04-17 19:00:00,82.8,68,96,436
4558609924,2016-04-17 20:00:00,80.3,69,114,394
4558609924,2016-04-17 21:00:00,81.4,68,103,423
4558609924,2016-04-17 22:00:00,74.4,61,98,397
4558609924,2016-04-17 23:00:00,64.4,57,83,172
4558609924,2016-04-18 07:00:00,80.2,61,141,269
4558609924,2016-04-18 08:00:00,85.2,68,115,428
4558609924,2016-04-18 09:00:00,81.3,69,98,414
4558609924,2016-04-18 10:00:00,77.9,65,95,394
4558609924,2016-04-18 11:00:00,79.6,71,95,447
4558609924,2016-04-18 12:00:00,76.7,64,91,401
4558609924,2016-04-18 13:00:00,80.3,63,96,432
4558609924,2016-04-18 14:00:00,73.1,59,94,387
4558609924,2016-04-18 15:00:00,71.7,55,99,330
4558609924,2016-04-18 16:00:00,91.7,62,114,495
4558609924,2016-04-18 17:00:00,88.6,72,112,439
4558609924,2016-04-18 18:00:00,88.0,76,104,418
4558609924,2016-04-18 19:00:00,87.1,73,108,367
4558609924,2016-04-18 20:00:00,81.9,64,104,344
4558609924,2016-04-18 21:00:00,69.3,56,90,369
4558609924,2016-04-18 22:00:00,63.9,56,75,285
4558609924,2016-04-19 10:00:00,99.0,99,99,4
4558609924,2016-04-19 12:00:00,94.2,93,96,4
4558609924,2016-04-19 13:00:00,83.5,70,100,416
4558609924,2016-04-19 14:00:00,86.4,75,103,418
4558609924,2016-04-19 15:00:00,79.7,63,96,408
4558609924,2016-04-19 16:00:00,85.6,66,132,265
4558609924,2016-04-19 17:00:00,88.2,70,125,454
4558609924,2016-04-19 18:00:00,85.7,74,99,435
4558609924,2016-04-19 19:00:00,84.0,67,102,479
4558609924,2016-04-19 20:00:00,83.5,69,129,400
4558609924,2016-04-19 21:00:00,75.6,62,101,376
4558609924,2016-04-19 22:00:00,84.2,68,110,420
4558609924,2016-04-19 23:00:00,75.8,61,89,359
4558609924,2016-04-20 00:00:00,73.4,62,83,163
4558609924,2016-04-20 10:00:00,82.3,68,93,181
4558609924,2016-04-20 11:00:00,77.4,61,92,440
4558609924,2016-04-20 12:00:00,80.0,67,100,405
4558609924,2016-04-20 13:00:00,77.3,60,105,412
4558609924,2016-04-20 14:00:00,75.0,58,100,389
4558609924,2016-04-20 15:00:00,76.1,63,110,385
4558609924,2016-04-20 16:00:00,86.9,73,108,76
4558609924,2016-04-20 17:00:00,82.8,70,101,367
4558609924,2016-04-20 18:00:00,85.0,69,108,468
4558609924,2016-04-20 19:00:00,80.8,68,97,273
4558609924,2016-04-20 20:00:00,78.5,64,95,434
4558609924,2016-04-20 21:00:00,67.8,57,84,386
4558609924,2016-04-20 22:00:00,69.7,60,89,376
4558609924,2016-04-20 23:00:00,68.8,59,90,380
4558609924,2016-04-21 00:00:00,68.1,57,117,366
4558609924,2016-04-21 01:00:00,66.3,56,80,345
4558609924,2016-04-21 02:00:00,66.8,56,75,132
4558609924,2016-04-21 07:00:00,81.3,70,108,185
4558609924,2016-04-21 08:00:00,90.0,75,110,478
4558609924,2016-04-21 09:00:00,96.8,76,117,510
4558609924,2016-04-21 10:00:00,102.6,64,121,503
4558609924,2016-04-21 11:00:00,98.6,78,120,473
4558609924,2016-04-21 12:00:00,98.0,80,119,437
4558609924,2016-04-21 13:00:00,92.1,70,114,406
4558609924,2016-04-21 14:00:00,90.1,74,115,406
4558609924,2016-04-21 15:00:00,87.9,78,109,421
4558609924,2016-04-21 16:00:00,88.3,71,107,391
4558609924,2016-04-21 17:00:00,86.2,67,104,465
4558609924,2016-04-21 18:00:00,90.4,68,114,488
4558609924,2016-04-21 19:00:00,81.9,61,106,423
4558609924,2016-04-21 20:00:00,81.9,65,103,286
4558609924,2016-04-21 21:00:00,73.6,61,91,410
4558609924,2016-04-21 22:00:00,70.9,56,91,391
4558609924,2016-04-21 23:00:00,65.5,54,91,351
4558609924,2016-04-22 00:00:00,63.8,57,84,313
4558609924,2016-04-22 01:00:00,77.0,65,140,68
4558609924,2016-04-22 09:00:00,81.2,70,97,260
4558609924,2016-04-22 10:00:00,83.7,68,100,419
4558609924,2016-04-22 11:00:00,79.9,63,103,425
4558609924,2016-04-22 12:00:00,75.1,61,95,387
4558609924,2016-04-22 13:00:00,75.2,60,100,272
4558609924,2016-04-22 14:00:00,83.3,65,101,437
4558609924,2016-04-22 15:00:00,95.4,78,114,468
4558609924,2016-04-22 16:00:00,83.9,63,101,408
4558609924,2016-04-22 17:00:00,82.8,62,101,435
4558609924,2016-04-22 18:00:00,102.2,86,116,551
4558609924,2016-04-22 19:00:00,84.3,70,99,250
4558609924,2016-04-22 20:00:00,86.3,59,103,400
4558609924,2016-04-22 21:00:00,75.6,63,94,420
4558609924,2016-04-22 22:00:00,78.7,64,99,415
4558609924,2016-04-22 23:00:00,73.6,63,95,349
4558609924,2016-04-23 00:00:00,83.7,72,126,373
4558609924,2016-04-23 01:00:00,74.8,63,91,133
4558609924,2016-04-23 03:00:00,75.0,75,75,2
4558609924,2016-04-23 07:00:00,70.0,70,70,2
4558609924,2016-04-23 09:00:00,88.2,67,111,317
4558609924,2016-04-23 10:00:00,88.4,73,110,425
4558609924,2016-04-23 11:00:00,86.4,70,115,250
4558609924,2016-04-23 12:00:00,83.9,63,112,435
4558609924,2016-04-23 13:00:00,80.1,68,95,421
4558609924,2016-04-23 14:00:00,89.7,63,133,504
4558609924,2016-04-23 15:00:00,91.8,73,118,437
4558609924,2016-04-23 16:00:00,96.5,76,120,468
4558609924,2016-04-23 17:00:00,95.1,77,112,394
4558609924,2016-04-23 18:00:00,87.8,73,100,451
4558609924,2016-04-23 19:00:00,86.4,69,99,393
4558609924,2016-04-23 20:00:00,80.8,66,102,412
4558609924,2016-04-23 21:00:00,82.5,62,113,383
4558609924,2016-04-23 22:00:00,70.9,62,93,365
4558609924,2016-04-23 23:00:00,75.6,60,93,177
4558609924,2016-04-24 08:00:00,85.7,61,120,376
4558609924,2016-04-24 09:00:00,81.2,65,95,439
4558609924,2016-04-24 10:00:00,85.7,63,103,435
4558609924,2016-04-24 11:00:00,87.7,70,105,258
4558609924,2016-04-24 12:00:00,83.5,69,103,463
4558609924,2016-04-24 13:00:00,80.5,65,103,424
4558609924,2016-04-24 14:00:00,94.0,76,121,440
4558609924,2016-04-24 15:00:00,95.5,79,119,496
4558609924,2016-04-24 16:00:00,89.1,79,113,447
4558609924,2016-04-24 17:00:00,82.6,64,97,435
4558609924,2016-04-24 18:00:00,78.7,65,97,401
4558609924,2016-04-24 19:00:00,78.1,63,108,384
4558609924,2016-04-24 20:00:00,79.8,65,92,394
4558609924,2016-04-24 21:00:00,81.5,62,108,357
4558609924,2016-04-24 22:00:00,82.0,67,97,396
4558609924,2016-04-24 23:00:00,74.8,58,95,388
4558609924,2016-04-25 00:00:00,65.5,56,84,363
4558609924,2016-04-25 01:00:00,62.6,55,86,266
4558609924,2016-04-25 09:00:00,87.0,75,121,245
4558609924,2016-04-25 10:00:00,88.0,74,101,445
4558609924,2016-04-25 11:00:00,80.8,59,103,414
4558609924,2016-04-25 12:00:00,73.9,58,98,412
4558609924,2016-04-25 13:00:00,77.4,61,114,448
4558609924,2016-04-25 14:00:00,75.3,63,88,414
4558609924,2016-04-25 15:00:00,79.9,64,104,407
4558609924,2016-04-25 16:00:00,108.2,66,163,492
4558609924,2016-04-25 17:00:00,96.6,80,119,426
4558609924,2016-04-25 18:00:00,89.7,74,110,432
4558609924,2016-04-25 19:00:00,91.7,77,106,417
4558609924,2016-04-25 20:00:00,85.1,72,108,412
4558609924,2016-04-25 21:00:00,83.2,70,101,425
4558609924,2016-04-25 22:00:00,74.3,63,95,396
4558609924,2016-04-25 23:00:00,66.7,59,82,336
4558609924,2016-04-26 00:00:00,66.7,59,84,99
4558609924,2016-04-26 02:00:00,64.0,64,64,2
4558609924,2016-04-26 08:00:00,82.8,72,99,272
4558609924,2016-04-26 09:00:00,85.7,74,102,426
4558609924,2016-04-26 10:00:00,88.8,70,104,422
4558609924,2016-04-26 11:00:00,85.7,71,102,443
4558609924,2016-04-26 12:00:00,81.9,62,97,416
4558609924,2016-04-26 13:00:00,79.8,69,92,369
4558609924,2016-04-26 14:00:00,78.6,67,96,365
4558609924,2016-04-26 15:00:00,110.9,70,148,1165
4558609924,2016-04-26 16:00:00,103.1,70,129,563
4558609924,2016-04-26 17:00:00,101.4,85,121,481
4558609924,2016-04-26 18:00:00,93.9,77,117,434
4558609924,2016-04-26 19:00:00,90.8,82,104,361
4558609924,2016-04-26 20:00:00,99.1,81,123,422
4558609924,2016-04-26 21:00:00,87.5,70,110,407
4558609924,2016-04-26 22:00:00,73.2,64,93,378
4558609924,2016-04-26 23:00:00,74.7,61,110,384
4558609924,2016-04-27 00:00:00,80.0,67,90,82
4558609924,2016-04-27 09:00:00,87.4,66,122,247
4558609924,2016-04-27 10:00:00,85.6,76,103,430
4558609924,2016-04-27 11:00:00,79.6,65,101,394
4558609924,2016-04-27 12:00:00,80.4,65,101,419
4558609924,2016-04-27 13:00:00,76.8,62,91,389
4558609924,2016-04-27 14:00:00,71.1,61,86,375
4558609924,2016-04-27 15:00:00,81.8,63,101,426
4558609924,2016-04-27 16:00:00,89.0,81,103,388
4558609924,2016-04-27 17:00:00,84.6,70,97,313
4558609924,2016-04-27 18:00:00,97.5,67,118,1285
4558609924,2016-04-27 19:00:00,89.4,68,106,501
4558609924,2016-04-27 20:00:00,81.9,62,104,447
4558609924,2016-04-27 21:00:00,76.3,60,94,422
4558609924,2016-04-27 22:00:00,74.2,60,101,372
4558609924,2016-04-27 23:00:00,70.0,70,70,4
4558609924,2016-04-28 06:00:00,92.9,70,102,183
4558609924,2016-04-28 07:00:00,84.5,68,101,428
4558609924,2016-04-28 08:00:00,89.5,70,111,466
4558609924,2016-04-28 09:00:00,89.0,69,112,435
4558609924,2016-04-28 10:00:00,83.5,65,112,429
4558609924,2016-04-28 11:00:00,76.3,60,106,387
4558609924,2016-04-28 12:00:00,73.6,60,99,412
4558609924,2016-04-28 13:00:00,83.9,66,106,427
4558609924,2016-04-28 14:00:00,87.6,73,105,424
4558609924,2016-04-28 15:00:00,92.2,73,111,459
4558609924,2016-04-28 16:00:00,94.7,72,121,803
4558609924,2016-04-28 17:00:00,104.2,75,133,635
4558609924,2016-04-28 18:00:00,83.6,63,101,357
4558609924,2016-04-28 19:00:00,82.2,70,111,363
4558609924,2016-04-28 20:00:00,80.7,67,106,388
4558609924,2016-04-28 21:00:00,78.1,59,119,376
4558609924,2016-04-28 22:00:00,71.1,59,93,359
4558609924,2016-04-28 23:00:00,71.9,59,86,347
4558609924,2016-04-29 00:00:00,67.4,59,80,357
4558609924,2016-04-29 01:00:00,63.2,55,87,264
4558609924,2016-04-29 09:00:00,74.7,65,99,136
4558609924,2016-04-29 10:00:00,82.2,60,107,353
4558609924,2016-04-29 11:00:00,79.9,67,91,374
4558609924,2016-04-29 12:00:00,80.7,65,112,385
4558609924,2016-04-29 13:00:00,83.1,66,117,375
4558609924,2016-04-29 14:00:00,72.1,61,89,334
4558609924,2016-04-29 15:00:00,104.4,78,139,771
4558609924,2016-04-29 16:00:00,95.7,67,137,1052
4558609924,2016-04-29 17:00:00,72.5,58,89,360
4558609924,2016-04-29 18:00:00,74.3,62,109,320
4558609924,2016-04-29 19:00:00,75.7,60,108,389
4558609924,2016-04-29 20:00:00,72.9,58,125,366
4558609924,2016-04-29 21:00:00,76.6,56,94,393
4558609924,2016-04-29 22:00:00,62.2,54,81,364
4558609924,2016-04-29 23:00:00,66.5,53,119,350
4558609924,2016-04-30 00:00:00,63.8,54,75,369
4558609924,2016-04-30 01:00:00,70.0,59,91,156
4558609924,2016-04-30 06:00:00,79.0,57,106,261
4558609924,2016-04-30 07:00:00,75.8,61,97,391
4558609924,2016-04-30 08:00:00,73.1,63,92,413
4558609924,2016-04-30 09:00:00,78.5,64,93,415
4558609924,2016-04-30 10:00:00,76.6,55,96,425
4558609924,2016-04-30 11:00:00,76.3,63,91,363
4558609924,2016-04-30 12:00:00,82.6,68,99,403
4558609924,2016-04-30 13:00:00,78.5,60,107,403
4558609924,2016-04-30 14:00:00,91.7,78,121,477
4558609924,2016-04-30 15:00:00,83.5,66,108,407
4558609924,2016-04-30 16:00:00,73.6,56,93,388
4558609924,2016-04-30 17:00:00,82.6,68,110,428
4558609924,2016-04-30 18:00:00,99.0,74,134,1014
4558609924,2016-04-30 19:00:00,77.5,58,108,1160
4558609924,2016-04-30 20:00:00,72.3,61,89,374
4558609924,2016-04-30 21:00:00,75.0,57,124,370
4558609924,2016-04-30 22:00:00,64.6,53,111,383
4558609924,2016-04-30 23:00:00,64.7,58,95,217
4558609924,2016-05-01 09:00:00,84.0,71,97,276
4558609924,2016-05-01 10:00:00,75.0,58,99,426
4558609924,2016-05-01 11:00:00,66.4,56,87,380
4558609924,2016-05-01 12:00:00,70.8,55,91,411
4558609924,2016-05-01 13:00:00,79.8,63,98,309
4558609924,2016-05-01 14:00:00,75.3,63,97,432
4558609924,2016-05-01 15:00:00,71.2,57,100,423
4558609924,2016-05-01 16:00:00,64.1,56,81,383
4558609924,2016-05-01 17:00:00,71.3,55,104,405
4558609924,2016-05-01 18:00:00,67.3,53,127,382
4558609924,2016-05-01 19:00:00,72.2,54,88,427
4558609924,2016-05-01 20:00:00,66.1,54,86,366
4558609924,2016-05-01 21:00:00,63.6,55,115,352
4558609924,2016-05-01 22:00:00,66.6,58,89,255
4558609924,2016-05-01 23:00:00,70.0,70,70,4
4558609924,2016-05-02 00:00:00,70.0,70,70,2
4558609924,2016-05-02 01:00:00,69.0,69,69,4
4558609924,2016-05-02 02:00:00,69.5,69,70,4
4558609924,2016-05-02 08:00:00,88.1,73,104,434
4558609924,2016-05-02 09:00:00,77.1,61,108,443
4558609924,2016-05-02 10:00:00,83.3,62,99,482
4558609924,2016-05-02 11:00:00,83.2,67,108,497
4558609924,2016-05-02 12:00:00,78.7,65,96,428
4558609924,2016-05-02 13:00:00,72.9,62,90,392
4558609924,2016-05-02 14:00:00,80.6,63,96,430
4558609924,2016-05-02 15:00:00,78.5,64,94,402
4558609924,2016-05-02 16:00:00,80.1,62,101,376
4558609924,2016-05-02 17:00:00,85.1,72,99,291
4558609924,2016-05-02 18:00:00,81.4,66,98,373
4558609924,2016-05-02 19:00:00,78.4,67,97,436
4558609924,2016-05-02 20:00:00,80.6,69,97,452
4558609924,2016-05-02 21:00:00,80.2,61,101,418
4558609924,2016-05-02 22:00:00,65.0,55,85,366
4558609924,2016-05-02 23:00:00,62.0,55,80,359
4558609924,2016-05-03 00:00:00,57.9,52,81,352
4558609924,2016-05-03 01:00:00,60.8,53,122,337
4558609924,2016-05-03 02:00:00,70.0,70,70,8
4558609924,2016-05-03 09:00:00,81.0,68,111,240
4558609924,2016-05-03 10:00:00,75.8,55,96,427
4558609924,2016-05-03 11:00:00,79.8,67,108,425
4558609924,2016-05-03 12:00:00,82.7,72,95,464
4558609924,2016-05-03 13:00:00,75.1,67,89,394
4558609924,2016-05-03 14:00:00,76.7,64,88,371
4558609924,2016-05-03 15:00:00,72.7,57,90,314
4558609924,2016-05-03 16:00:00,80.7,57,114,434
4558609924,2016-05-03 17:00:00,79.9,62,108,514
4558609924,2016-05-03 18:00:00,114.0,73,148,1579
4558609924,2016-05-03 19:00:00,73.4,60,93,357
4558609924,2016-05-03 20:00:00,63.5,54,85,364
4558609924,2016-05-03 21:00:00,78.0,56,97,353
4558609924,2016-05-03 22:00:00,72.9,55,91,208
4558609924,2016-05-03 23:00:00,58.1,52,85,214
4558609924,2016-05-04 05:00:00,68.4,63,70,18
4558609924,2016-05-04 10:00:00,80.4,67,95,335
4558609924,2016-05-04 11:00:00,80.4,71,93,390
4558609924,2016-05-04 12:00:00,77.8,56,107,417
4558609924,2016-05-04 13:00:00,69.1,54,89,378
4558609924,2016-05-04 14:00:00,69.3,58,93,393
4558609924,2016-05-04 15:00:00,74.6,60,105,469
4558609924,2016-05-04 16:00:00,78.0,60,110,402
4558609924,2016-05-04 17:00:00,86.8,67,109,493
4558609924,2016-05-04 18:00:00,83.1,70,103,420
4558609924,2016-05-04 19:00:00,80.9,67,127,319
4558609924,2016-05-04 20:00:00,75.0,63,93,400
4558609924,2016-05-04 21:00:00,76.3,60,99,416
4558609924,2016-05-04 22:00:00,70.5,58,87,391
4558609924,2016-05-04 23:00:00,71.9,57,95,363
4558609924,2016-05-05 07:00:00,95.3,74,111,125
4558609924,2016-05-05 08:00:00,87.5,63,113,449
4558609924,2016-05-05 09:00:00,94.9,73,112,520
4558609924,2016-05-05 10:00:00,78.9,60,102,405
4558609924,2016-05-05 11:00:00,89.9,65,112,501
4558609924,2016-05-05 12:00:00,94.7,72,122,457
4558609924,2016-05-05 13:00:00,81.3,66,106,392
4558609924,2016-05-05 14:00:00,82.9,68,99,351
4558609924,2016-05-05 15:00:00,83.4,71,106,387
4558609924,2016-05-05 16:00:00,87.2,69,112,372
4558609924,2016-05-05 17:00:00,85.8,70,99,443
4558609924,2016-05-05 18:00:00,78.7,69,107,414
4558609924,2016-05-05 19:00:00,77.9,66,95,422
4558609924,2016-05-05 20:00:00,79.4,65,130,350
4558609924,2016-05-05 21:00:00,70.9,54,91,385
4558609924,2016-05-05 22:00:00,64.3,54,88,386
4558609924,2016-05-05 23:00:00,56.2,48,80,343
4558609924,2016-05-06 00:00:00,57.0,51,86,43
4558609924,2016-05-06 09:00:00,83.0,68,102,206
4558609924,2016-05-06 10:00:00,78.5,63,99,443
4558609924,2016-05-06 11:00:00,74.0,61,96,417
4558609924,2016-05-06 12:00:00,76.3,59,91,468
4558609924,2016-05-06 13:00:00,75.1,58,103,344
4558609924,2016-05-06 14:00:00,76.8,67,93,410
4558609924,2016-05-06 15:00:00,78.6,64,99,396
4558609924,2016-05-06 16:00:00,75.9,58,96,417
4558609924,2016-05-06 17:00:00,69.2,55,87,375
4558609924,2016-05-06 18:00:00,61.5,54,79,381
4558609924,2016-05-06 19:00:00,62.1,54,93,312
4558609924,2016-05-06 20:00:00,61.2,51,96,383
4558609924,2016-05-06 21:00:00,75.1,56,110,397
4558609924,2016-05-06 22:00:00,63.3,54,85,365
4558609924,2016-05-06 23:00:00,62.7,56,73,72
4558609924,2016-05-07 02:00:00,70.0,70,70,2
4558609924,2016-05-07 08:00:00,105.8,99,107,12
4558609924,2016-05-07 09:00:00,75.7,58,95,257
4558609924,2016-05-07 10:00:00,79.0,66,110,168
4558609924,2016-05-07 11:00:00,77.6,57,94,409
4558609924,2016-05-07 12:00:00,66.6,54,80,380
4558609924,2016-05-07 13:00:00,64.8,57,81,168
4558609924,2016-05-07 14:00:00,76.9,60,107,291
4558609924,2016-05-07 15:00:00,81.8,68,98,475
4558609924,2016-05-07 16:00:00,95.0,73,116,492
4558609924,2016-05-07 17:00:00,75.8,62,109,381
4558609924,2016-05-07 18:00:00,75.8,62,96,406
4558609924,2016-05-07 19:00:00,76.9,64,99,419
4558609924,2016-05-07 20:00:00,82.1,65,107,401
4558609924,2016-05-07 21:00:00,70.2,61,84,393
4558609924,2016-05-07 22:00:00,71.3,56,101,425
4558609924,2016-05-07 23:00:00,60.8,54,76,352
4558609924,2016-05-08 00:00:00,65.4,52,81,188
4558609924,2016-05-08 01:00:00,62.9,45,86,91
4558609924,2016-05-08 02:00:00,111.0,111,111,2
4558609924,2016-05-08 03:00:00,81.2,70,99,12
4558609924,2016-05-08 04:00:00,96.0,96,96,2
4558609924,2016-05-08 10:00:00,59.8,54,70,62
4558609924,2016-05-08 11:00:00,59.6,52,82,22
4558609924,2016-05-08 12:00:00,55.0,55,55,2
4558609924,2016-05-08 13:00:00,150.2,83,199,451
4558609924,2016-05-08 14:00:00,109.0,69,158,576
4558609924,2016-05-08 15:00:00,93.4,67,134,558
4558609924,2016-05-08 16:00:00,104.9,70,139,540
4558609924,2016-05-08 17:00:00,102.3,85,137,496
4558609924,2016-05-08 18:00:00,98.0,74,118,490
4558609924,2016-05-08 19:00:00,97.5,79,119,480
4558609924,2016-05-08 20:00:00,116.6,82,151,549
4558609924,2016-05-08 21:00:00,112.6,98,128,85
4558609924,2016-05-09 07:00:00,78.1,60,102,216
4558609924,2016-05-09 08:00:00,84.7,60,100,455
4558609924,2016-05-09 09:00:00,86.6,70,108,446
4558609924,2016-05-09 10:00:00,83.1,70,100,430
4558609924,2016-05-09 11:00:00,87.4,66,109,421
4558609924,2016-05-09 12:00:00,81.8,71,107,377
4558609924,2016-05-09 13:00:00,91.9,67,110,470
4558609924,2016-05-09 14:00:00,86.4,73,106,383
4558609924,2016-05-09 15:00:00,81.1,70,105,403
4558609924,2016-05-09 16:00:00,79.6,66,100,416
4558609924,2016-05-09 17:00:00,75.6,61,96,346
4558609924,2016-05-09 18:00:00,69.9,61,86,384
4558609924,2016-05-09 19:00:00,73.4,60,99,389
4558609924,2016-05-09 20:00:00,70.8,62,90,374
4558609924,2016-05-09 21:00:00,77.3,58,99,410
4558609924,2016-05-09 22:00:00,70.2,54,92,377
4558609924,2016-05-09 23:00:00,62.6,55,87,346
4558609924,2016-05-10 00:00:00,65.0,55,84,364
4558609924,2016-05-10 01:00:00,71.0,57,122,216
4558609924,2016-05-10 08:00:00,73.0,73,73,4
4558609924,2016-05-10 10:00:00,71.0,65,81,63
4558609924,2016-05-10 11:00:00,70.3,55,85,396
4558609924,2016-05-10 12:00:00,70.2,56,83,396
4558609924,2016-05-10 13:00:00,59.3,52,79,399
4558609924,2016-05-10 14:00:00,64.8,50,87,388
4558609924,2016-05-10 15:00:00,69.2,59,106,233
4558609924,2016-05-10 16:00:00,74.2,54,111,403
4558609924,2016-05-10 17:00:00,85.7,68,120,443
4558609924,2016-05-10 18:00:00,83.5,64,98,439
4558609924,2016-05-10 19:00:00,97.1,69,147,1146
4558609924,2016-05-10 20:00:00,69.2,57,86,363
4558609924,2016-05-10 21:00:00,69.5,56,91,385
4558609924,2016-05-10 22:00:00,74.8,58,104,365
4558609924,2016-05-10 23:00:00,62.3,54,83,319
4558609924,2016-05-11 00:00:00,61.9,44,102,294
4558609924,2016-05-11 01:00:00,67.9,51,133,276
4558609924,2016-05-11 08:00:00,72.9,65,110,19
4558609924,2016-05-11 09:00:00,72.3,61,84,427
4558609924,2016-05-11 10:00:00,75.1,62,88,405
4558609924,2016-05-11 11:00:00,68.4,55,86,402
4558609924,2016-05-11 12:00:00,64.9,54,83,407
4558609924,2016-05-11 13:00:00,65.4,56,91,386
4558609924,2016-05-11 14:00:00,90.2,65,138,475
4558609924,2016-05-11 15:00:00,85.4,70,112,385
4558609924,2016-05-11 16:00:00,83.4,73,98,433
4558609924,2016-05-11 17:00:00,80.0,65,117,394
4558609924,2016-05-11 18:00:00,79.2,61,99,422
4558609924,2016-05-11 19:00:00,80.3,60,109,397
4558609924,2016-05-11 20:00:00,71.3,58,89,406
4558609924,2016-05-11 21:00:00,76.7,61,87,395
4558609924,2016-05-11 22:00:00,67.9,55,85,370
4558609924,2016-05-11 23:00:00,73.2,68,80,148
4558609924,2016-05-12 01:00:00,74.0,74,74,2
4558609924,2016-05-12 07:00:00,67.5,54,99,133
4558609924,2016-05-12 08:00:00,74.3,56,86,410
4558609924,2016-05-12 09:00:00,87.0,68,117,445
4558609924,2016-05-12 10:00:00,78.5,67,99,456
4558609924,2016-05-12 11:00:00,78.8,65,100,425
4558609924,2016-05-12 12:00:00,80.1,67,101,434
4558609924,2016-05-12 13:00:00,83.8,68,113,478
4558609924,2016-05-12 14:00:00,83.2,69,107,474
4558609924,2016-05-12 15:00:00,76.0,61,93,424
4558609924,2016-05-12 16:00:00,75.1,63,85,161
5553957443,2016-04-12 00:00:00,57.6,54,70,317
5553957443,2016-04-12 01:00:00,58.5,54,67,304
5553957443,2016-04-12 02:00:00,60.0,55,70,301
5553957443,2016-04-12 03:00:00,58.4,53,66,296
5553957443,2016-04-12 04:00:00,57.4,51,70,313
5553957443,2016-04-12 05:00:00,56.9,53,78,155
5553957443,2016-04-12 06:00:00,68.1,57,94,198
5553957443,2016-04-12 07:00:00,74.1,59,104,426
5553957443,2016-04-12 08:00:00,69.1,55,100,403
5553957443,2016-04-12 09:00:00,64.4,57,83,356
5553957443,2016-04-12 10:00:00,60.1,54,78,338
5553957443,2016-04-12 11:00:00,59.8,55,78,343
5553957443,2016-04-12 12:00:00,63.4,54,80,399
5553957443,2016-04-12 13:00:00,65.5,56,91,373
5553957443,2016-04-12 14:00:00,61.2,58,67,330
5553957443,2016-04-12 15:00:00,60.7,55,73,315
5553957443,2016-04-12 16:00:00,73.2,56,101,416
5553957443,2016-04-12 17:00:00,71.5,56,106,410
5553957443,2016-04-12 18:00:00,65.7,57,75,408
5553957443,2016-04-12 19:00:00,65.9,56,86,393
5553957443,2016-04-12 20:00:00,65.1,55,76,394
5553957443,2016-04-12 21:00:00,64.5,55,82,383
5553957443,2016-04-12 22:00:00,64.9,55,96,362
5553957443,2016-04-12 23:00:00,65.4,50,96,437
5553957443,2016-04-13 00:00:00,52.5,47,81,313
5553957443,2016-04-13 01:00:00,53.3,48,62,303
5553957443,2016-04-13 02:00:00,56.0,52,70,309
5553957443,2016-04-13 03:00:00,58.7,53,74,304
5553957443,2016-04-13 04:00:00,58.8,53,74,312
5553957443,2016-04-13 05:00:00,57.7,50,77,316
5553957443,2016-04-13 06:00:00,55.6,48,70,313
5553957443,2016-04-13 07:00:00,54.3,49,67,136
5553957443,2016-04-13 08:00:00,60.2,49,79,330
5553957443,2016-04-13 09:00:00,65.5,59,84,345
5553957443,2016-04-13 10:00:00,69.0,61,82,394
5553957443,2016-04-13 11:00:00,63.7,57,75,321
5553957443,2016-04-13 12:00:00,62.3,50,77,346
5553957443,2016-04-13 13:00:00,62.9,56,75,321
5553957443,2016-04-13 14:00:00,62.8,58,69,325
5553957443,2016-04-13 15:00:00,68.4,60,95,386
5553957443,2016-04-13 16:00:00,63.6,55,85,361
5553957443,2016-04-13 17:00:00,63.6,56,89,330
5553957443,2016-04-13 18:00:00,61.4,57,74,326
5553957443,2016-04-13 19:00:00,64.6,56,82,448
5553957443,2016-04-13 20:00:00,64.3,51,80,428
5553957443,2016-04-13 21:00:00,65.2,54,86,402
5553957443,2016-04-13 22:00:00,61.3,52,82,377
5553957443,2016-04-13 23:00:00,57.6,52,75,305
5553957443,2016-04-14 00:00:00,61.0,55,72,326
5553957443,2016-04-14 01:00:00,60.6,54,75,309
5553957443,2016-04-14 02:00:00,57.9,53,69,310
5553957443,2016-04-14 03:00:00,62.1,55,78,297
5553957443,2016-04-14 04:00:00,59.1,55,68,297
5553957443,2016-04-14 05:00:00,63.5,53,87,336
5553957443,2016-04-14 06:00:00,74.6,60,95,475
5553957443,2016-04-14 07:00:00,76.5,55,103,441
5553957443,2016-04-14 08:00:00,60.1,54,68,339
5553957443,2016-04-14 09:00:00,61.5,56,70,354
5553957443,2016-04-14 10:00:00,60.8,55,80,333
5553957443,2016-04-14 11:00:00,62.2,56,68,338
5553957443,2016-04-14 12:00:00,63.6,56,78,347
5553957443,2016-04-14 13:00:00,68.8,59,101,378
5553957443,2016-04-14 14:00:00,107.4,72,133,1304
5553957443,2016-04-14 15:00:00,69.5,58,86,396
5553957443,2016-04-14 16:00:00,75.3,59,98,425
5553957443,2016-04-14 17:00:00,89.6,67,106,564
5553957443,2016-04-14 18:00:00,65.3,55,87,376
5553957443,2016-04-14 19:00:00,65.7,57,78,373
5553957443,2016-04-14 20:00:00,67.9,58,98,424
5553957443,2016-04-14 21:00:00,75.5,55,114,485
5553957443,2016-04-14 22:00:00,61.9,56,73,380
5553957443,2016-04-14 23:00:00,55.1,51,67,315
5553957443,2016-04-15 00:00:00,57.1,52,71,313
5553957443,2016-04-15 01:00:00,56.8,53,67,298
5553957443,2016-04-15 02:00:00,57.1,50,63,300
5553957443,2016-04-15 03:00:00,58.0,51,70,300
5553957443,2016-04-15 04:00:00,58.8,54,66,302
5553957443,2016-04-15 05:00:00,58.8,53,75,309
5553957443,2016-04-15 06:00:00,71.9,55,100,444
5553957443,2016-04-15 07:00:00,74.1,58,109,434
5553957443,2016-04-15 08:00:00,60.3,56,76,313
5553957443,2016-04-15 09:00:00,59.0,52,77,324
5553957443,2016-04-15 10:00:00,73.6,54,97,473
5553957443,2016-04-15 11:00:00,72.4,55,99,417
5553957443,2016-04-15 12:00:00,66.3,51,108,372
5553957443,2016-04-15 13:00:00,62.0,54,71,371
5553957443,2016-04-15 14:00:00,102.2,56,123,953
5553957443,2016-04-15 15:00:00,64.1,55,102,385
5553957443,2016-04-15 16:00:00,75.8,57,99,462
5553957443,2016-04-15 17:00:00,66.7,55,95,377
5553957443,2016-04-15 18:00:00,65.5,54,99,388
5553957443,2016-04-15 19:00:00,68.4,60,91,325
5553957443,2016-04-15 20:00:00,61.5,56,67,299
5553957443,2016-04-15 21:00:00,66.8,58,81,336
5553957443,2016-04-15 22:00:00,65.9,57,86,346
5553957443,2016-04-15 23:00:00,57.9,53,68,294
5553957443,2016-04-16 00:00:00,65.3,59,78,199
5553957443,2016-04-16 01:00:00,63.5,58,75,215
5553957443,2016-04-16 02:00:00,60.6,56,80,301
5553957443,2016-04-16 03:00:00,61.8,55,80,284
5553957443,2016-04-16 04:00:00,58.4,52,77,243
5553957443,2016-04-16 05:00:00,58.7,55,80,308
5553957443,2016-04-16 06:00:00,58.6,54,80,308
5553957443,2016-04-16 07:00:00,60.0,54,74,314
5553957443,2016-04-16 08:00:00,60.0,54,75,309
5553957443,2016-04-16 09:00:00,62.2,55,82,342
5553957443,2016-04-16 10:00:00,71.9,58,90,408
5553957443,2016-04-16 11:00:00,69.1,61,82,334
5553957443,2016-04-16 12:00:00,72.7,61,90,336
5553957443,2016-04-16 13:00:00,74.1,59,116,208
5553957443,2016-04-16 14:00:00,68.3,56,83,438
5553957443,2016-04-16 15:00:00,70.7,59,83,431
5553957443,2016-04-16 16:00:00,70.2,55,89,466
5553957443,2016-04-16 17:00:00,69.9,56,86,457
5553957443,2016-04-16 18:00:00,68.2,58,92,389
5553957443,2016-04-16 19:00:00,67.2,56,87,416
5553957443,2016-04-16 20:00:00,68.9,56,93,416
5553957443,2016-04-16 21:00:00,67.3,57,85,359
5553957443,2016-04-16 22:00:00,64.1,50,78,394
5553957443,2016-04-16 23:00:00,62.2,54,75,363
5553957443,2016-04-17 00:00:00,57.9,52,64,305
5553957443,2016-04-17 01:00:00,60.7,54,77,221
5553957443,2016-04-17 02:00:00,53.9,49,64,157
5553957443,2016-04-17 03:00:00,57.6,52,70,132
5553957443,2016-04-17 04:00:00,66.6,61,68,81
5553957443,2016-04-17 05:00:00,67.4,66,79,26
5553957443,2016-04-17 06:00:00,61.3,61,66,27
5553957443,2016-04-17 07:00:00,62.1,60,64,27
5553957443,2016-04-17 22:00:00,62.1,56,84,150
5553957443,2016-04-17 23:00:00,59.2,55,74,311
5553957443,2016-04-18 00:00:00,63.9,57,80,302
5553957443,2016-04-18 01:00:00,60.4,55,69,304
5553957443,2016-04-18 02:00:00,62.1,56,72,293
5553957443,2016-04-18 03:00:00,61.7,56,66,283
5553957443,2016-04-18 04:00:00,59.9,53,68,289
5553957443,2016-04-18 05:00:00,56.9,53,72,303
5553957443,2016-04-18 06:00:00,62.1,54,84,312
5553957443,2016-04-18 07:00:00,63.9,57,74,345
5553957443,2016-04-18 08:00:00,68.0,64,78,322
5553957443,2016-04-18 09:00:00,69.1,63,82,341
5553957443,2016-04-18 10:00:00,68.7,60,87,360
5553957443,2016-04-18 11:00:00,70.1,61,87,361
5553957443,2016-04-18 12:00:00,68.8,59,82,364
5553957443,2016-04-18 13:00:00,62.8,58,78,317
5553957443,2016-04-18 14:00:00,64.1,54,86,310
5553957443,2016-04-18 15:00:00,71.0,60,82,394
5553957443,2016-04-18 16:00:00,67.7,60,82,338
5553957443,2016-04-18 17:00:00,74.8,64,91,374
5553957443,2016-04-18 18:00:00,67.7,57,82,352
5553957443,2016-04-18 19:00:00,60.2,56,71,309
5553957443,2016-04-18 20:00:00,71.8,60,85,374
5553957443,2016-04-18 21:00:00,67.1,54,85,389
5553957443,2016-04-18 22:00:00,56.5,53,78,314
5553957443,2016-04-18 23:00:00,61.1,55,75,313
5553957443,2016-04-19 00:00:00,59.1,54,73,307
5553957443,2016-04-19 01:00:00,57.1,53,73,306
5553957443,2016-04-19 02:00:00,59.2,53,81,316
5553957443,2016-04-19 03:00:00,60.0,56,75,306
5553957443,2016-04-19 04:00:00,60.7,56,77,269
5553957443,2016-04-19 05:00:00,61.3,57,82,60
5553957443,2016-04-19 06:00:00,71.2,58,108,366
5553957443,2016-04-19 07:00:00,73.3,59,98,447
5553957443,2016-04-19 08:00:00,69.7,55,109,387
5553957443,2016-04-19 09:00:00,64.4,53,82,366
5553957443,2016-04-19 10:00:00,64.0,55,73,369
5553957443,2016-04-19 11:00:00,65.2,57,73,371
5553957443,2016-04-19 12:00:00,78.3,60,103,482
5553957443,2016-04-19 13:00:00,76.3,63,97,454
5553957443,2016-04-19 14:00:00,64.7,56,73,347
5553957443,2016-04-19 15:00:00,109.4,57,128,1108
5553957443,2016-04-19 16:00:00,84.5,67,120,1536
5553957443,2016-04-19 17:00:00,80.0,49,113,558
5553957443,2016-04-19 18:00:00,77.4,68,98,405
5553957443,2016-04-19 19:00:00,72.3,60,91,397
5553957443,2016-04-19 20:00:00,68.7,59,79,374
5553957443,2016-04-19 21:00:00,70.5,57,86,400
5553957443,2016-04-19 22:00:00,62.0,54,74,323
5553957443,2016-04-19 23:00:00,54.8,50,61,318
5553957443,2016-04-20 00:00:00,59.0,56,78,295
5553957443,2016-04-20 01:00:00,59.1,54,71,319
5553957443,2016-04-20 02:00:00,59.4,54,71,314
5553957443,2016-04-20 03:00:00,60.2,54,74,314
5553957443,2016-04-20 04:00:00,56.8,53,71,224
5553957443,2016-04-20 05:00:00,57.0,53,74,314
5553957443,2016-04-20 06:00:00,57.6,51,81,333
5553957443,2016-04-20 07:00:00,58.6,54,69,322
5553957443,2016-04-20 08:00:00,58.4,54,68,323
5553957443,2016-04-20 09:00:00,54.0,48,72,320
5553957443,2016-04-20 10:00:00,57.8,50,82,344
5553957443,2016-04-20 11:00:00,61.8,53,73,354
5553957443,2016-04-20 12:00:00,65.4,56,84,382
5553957443,2016-04-20 13:00:00,64.9,55,84,375
5553957443,2016-04-20 14:00:00,62.3,51,78,381
5553957443,2016-04-20 15:00:00,60.3,55,68,382
5553957443,2016-04-20 16:00:00,61.0,54,76,404
5553957443,2016-04-20 17:00:00,62.1,53,77,376
5553957443,2016-04-20 18:00:00,62.8,56,76,387
5553957443,2016-04-20 19:00:00,60.9,52,83,370
5553957443,2016-04-20 20:00:00,62.6,51,77,378
5553957443,2016-04-20 21:00:00,60.4,52,81,362
5553957443,2016-04-20 22:00:00,61.0,50,81,356
5553957443,2016-04-20 23:00:00,51.9,48,65,310
5553957443,2016-04-21 00:00:00,55.8,51,67,314
5553957443,2016-04-21 01:00:00,53.9,49,58,293
5553957443,2016-04-21 02:00:00,56.4,49,85,326
5553957443,2016-04-21 03:00:00,52.8,49,59,301
5553957443,2016-04-21 04:00:00,60.9,55,70,83
5553957443,2016-04-21 05:00:00,59.8,54,74,258
5553957443,2016-04-21 06:00:00,69.7,56,80,247
5553957443,2016-04-21 07:00:00,69.6,57,90,389
5553957443,2016-04-21 08:00:00,73.5,56,99,414
5553957443,2016-04-21 09:00:00,65.6,60,82,365
5553957443,2016-04-21 10:00:00,64.7,54,72,361
5553957443,2016-04-21 11:00:00,64.1,56,84,372
5553957443,2016-04-21 12:00:00,66.2,56,83,349
5553957443,2016-04-21 13:00:00,62.8,54,82,360
5553957443,2016-04-21 14:00:00,62.5,57,71,349
5553957443,2016-04-21 15:00:00,61.2,56,70,346
5553957443,2016-04-21 16:00:00,59.0,52,66,328
5553957443,2016-04-21 17:00:00,107.4,58,127,1145
5553957443,2016-04-21 18:00:00,82.8,66,100,567
5553957443,2016-04-21 19:00:00,72.1,60,98,357
5553957443,2016-04-21 20:00:00,68.8,61,75,340
5553957443,2016-04-21 21:00:00,76.3,61,104,390
5553957443,2016-04-21 22:00:00,68.2,62,77,326
5553957443,2016-04-21 23:00:00,68.5,54,91,371
5553957443,2016-04-22 00:00:00,56.7,52,72,299
5553957443,2016-04-22 01:00:00,58.9,54,74,304
5553957443,2016-04-22 02:00:00,57.8,52,75,315
5553957443,2016-04-22 03:00:00,56.2,52,66,301
5553957443,2016-04-22 04:00:00,58.7,54,69,132
5553957443,2016-04-22 05:00:00,60.4,53,81,320
5553957443,2016-04-22 06:00:00,73.6,61,92,427
5553957443,2016-04-22 07:00:00,79.8,60,105,227
5553957443,2016-04-22 08:00:00,67.2,54,82,148
5553957443,2016-04-22 09:00:00,62.0,53,80,364
5553957443,2016-04-22 10:00:00,60.8,55,76,348
5553957443,2016-04-22 11:00:00,60.6,53,78,350
5553957443,2016-04-22 12:00:00,65.8,56,86,375
5553957443,2016-04-22 13:00:00,63.5,53,81,372
5553957443,2016-04-22 14:00:00,64.2,51,91,379
5553957443,2016-04-22 15:00:00,88.7,55,121,701
5553957443,2016-04-22 16:00:00,97.1,65,128,1051
5553957443,2016-04-22 17:00:00,69.6,58,88,421
5553957443,2016-04-22 18:00:00,71.1,58,112,392
5553957443,2016-04-22 19:00:00,74.7,57,105,425
5553957443,2016-04-22 20:00:00,65.3,56,84,360
5553957443,2016-04-22 21:00:00,66.9,55,92,405
5553957443,2016-04-22 22:00:00,60.7,55,68,321
5553957443,2016-04-22 23:00:00,64.7,58,81,351
5553957443,2016-04-23 00:00:00,64.7,57,79,370
5553957443,2016-04-23 01:00:00,69.6,60,79,325
5553957443,2016-04-23 02:00:00,66.1,63,71,299
5553957443,2016-04-23 03:00:00,63.6,57,77,315
5553957443,2016-04-23 04:00:00,60.9,55,71,306
5553957443,2016-04-23 05:00:00,60.8,55,78,308
5553957443,2016-04-23 06:00:00,60.4,55,69,318
5553957443,2016-04-23 07:00:00,60.2,54,78,321
5553957443,2016-04-23 08:00:00,61.6,53,73,319
5553957443,2016-04-23 09:00:00,60.5,52,73,316
5553957443,2016-04-23 10:00:00,61.5,56,84,333
5553957443,2016-04-23 11:00:00,65.9,57,79,341
5553957443,2016-04-23 12:00:00,71.2,64,84,381
5553957443,2016-04-23 13:00:00,63.5,52,78,338
5553957443,2016-04-23 14:00:00,61.5,53,73,296
5553957443,2016-04-23 15:00:00,68.3,54,87,337
5553957443,2016-04-23 16:00:00,72.8,64,86,386
5553957443,2016-04-23 17:00:00,71.7,64,92,381
5553957443,2016-04-23 18:00:00,75.5,66,86,402
5553957443,2016-04-23 19:00:00,75.0,63,89,415
5553957443,2016-04-23 20:00:00,73.7,60,94,387
5553957443,2016-04-23 21:00:00,72.1,62,91,338
5553957443,2016-04-23 22:00:00,67.9,56,75,356
5553957443,2016-04-23 23:00:00,70.5,63,85,387
5553957443,2016-04-24 00:00:00,63.0,54,75,364
5553957443,2016-04-24 01:00:00,68.1,59,79,322
5553957443,2016-04-24 02:00:00,65.8,59,85,320
5553957443,2016-04-24 03:00:00,64.3,56,75,327
5553957443,2016-04-24 04:00:00,62.7,53,84,314
5553957443,2016-04-24 05:00:00,59.9,54,71,313
5553957443,2016-04-24 06:00:00,58.0,50,64,278
5553957443,2016-04-24 07:00:00,59.2,54,75,150
5553957443,2016-04-24 08:00:00,59.7,54,72,302
5553957443,2016-04-24 09:00:00,61.3,57,85,200
5553957443,2016-04-24 10:00:00,65.8,56,83,371
5553957443,2016-04-24 11:00:00,66.8,60,83,385
5553957443,2016-04-24 12:00:00,66.4,58,85,378
5553957443,2016-04-24 13:00:00,64.7,59,77,342
5553957443,2016-04-24 14:00:00,64.4,56,80,350
5553957443,2016-04-24 15:00:00,59.2,54,64,319
5553957443,2016-04-24 16:00:00,66.0,54,78,336
5553957443,2016-04-24 17:00:00,69.7,61,92,368
5553957443,2016-04-24 18:00:00,64.6,56,81,355
5553957443,2016-04-24 19:00:00,64.0,56,73,356
5553957443,2016-04-24 20:00:00,67.2,58,81,394
5553957443,2016-04-24 21:00:00,64.8,55,82,394
5553957443,2016-04-24 22:00:00,59.5,56,72,308
5553957443,2016-04-24 23:00:00,61.9,57,70,311
5553957443,2016-04-25 00:00:00,59.6,56,72,300
5553957443,2016-04-25 01:00:00,58.1,52,81,307
5553957443,2016-04-25 02:00:00,59.4,55,74,302
5553957443,2016-04-25 03:00:00,60.5,55,78,314
5553957443,2016-04-25 04:00:00,58.4,54,81,304
5553957443,2016-04-25 05:00:00,60.9,53,75,291
5553957443,2016-04-25 06:00:00,73.1,63,128,326
5553957443,2016-04-25 07:00:00,78.0,59,107,443
5553957443,2016-04-25 08:00:00,64.9,54,75,374
5553957443,2016-04-25 09:00:00,64.9,56,73,331
5553957443,2016-04-25 10:00:00,62.0,52,81,372
5553957443,2016-04-25 11:00:00,60.9,54,77,354
5553957443,2016-04-25 12:00:00,61.2,55,72,359
5553957443,2016-04-25 13:00:00,108.3,56,132,996
5553957443,2016-04-25 14:00:00,84.9,60,118,527
5553957443,2016-04-25 15:00:00,70.8,60,98,355
5553957443,2016-04-25 16:00:00,65.7,58,76,346
5553957443,2016-04-25 17:00:00,77.7,57,107,435
5553957443,2016-04-25 18:00:00,77.7,62,109,408
5553957443,2016-04-25 19:00:00,68.1,58,91,366
5553957443,2016-04-25 20:00:00,64.0,58,74,333
5553957443,2016-04-25 21:00:00,71.4,64,83,370
5553957443,2016-04-25 22:00:00,66.0,61,70,319
5553957443,2016-04-25 23:00:00,65.6,60,80,333
5553957443,2016-04-26 00:00:00,65.0,59,81,307
5553957443,2016-04-26 01:00:00,62.4,58,75,311
5553957443,2016-04-26 02:00:00,61.5,57,69,302
5553957443,2016-04-26 03:00:00,63.4,58,74,309
5553957443,2016-04-26 04:00:00,60.1,55,69,309
5553957443,2016-04-26 05:00:00,57.7,53,71,315
5553957443,2016-04-26 06:00:00,72.4,55,102,481
5553957443,2016-04-26 07:00:00,78.7,60,102,410
5553957443,2016-04-26 08:00:00,62.5,57,75,333
5553957443,2016-04-26 09:00:00,62.2,55,95,372
5553957443,2016-04-26 10:00:00,61.4,54,70,391
5553957443,2016-04-26 11:00:00,62.4,56,76,363
5553957443,2016-04-26 12:00:00,104.3,56,128,1143
5553957443,2016-04-26 13:00:00,84.5,63,126,534
5553957443,2016-04-26 14:00:00,66.5,54,77,272
5553957443,2016-04-26 17:00:00,78.3,58,101,410
5553957443,2016-04-26 18:00:00,72.8,63,98,432
5553957443,2016-04-26 19:00:00,74.1,60,93,410
5553957443,2016-04-26 20:00:00,69.5,60,80,388
5553957443,2016-04-26 21:00:00,65.9,58,81,360
5553957443,2016-04-26 22:00:00,73.4,56,100,430
5553957443,2016-04-26 23:00:00,61.5,54,87,341
5553957443,2016-04-27 00:00:00,59.9,53,79,326
5553957443,2016-04-27 01:00:00,60.8,55,73,315
5553957443,2016-04-27 02:00:00,59.8,55,75,332
5553957443,2016-04-27 03:00:00,56.6,54,68,297
5553957443,2016-04-27 04:00:00,58.6,53,69,303
5553957443,2016-04-27 05:00:00,57.1,52,68,295
5553957443,2016-04-27 06:00:00,72.9,58,89,459
5553957443,2016-04-27 07:00:00,72.7,60,101,403
5553957443,2016-04-27 08:00:00,65.1,58,88,364
5553957443,2016-04-27 09:00:00,62.9,56,78,339
5553957443,2016-04-27 10:00:00,63.6,58,85,357
5553957443,2016-04-27 11:00:00,63.4,55,89,391
5553957443,2016-04-27 12:00:00,65.3,56,81,387
5553957443,2016-04-27 13:00:00,66.8,56,89,374
5553957443,2016-04-27 14:00:00,62.6,56,81,343
5553957443,2016-04-27 15:00:00,64.7,57,85,376
5553957443,2016-04-27 16:00:00,59.5,49,85,350
5553957443,2016-04-27 17:00:00,78.9,57,104,495
5553957443,2016-04-27 18:00:00,73.9,60,94,446
5553957443,2016-04-27 19:00:00,63.5,57,72,347
5553957443,2016-04-27 20:00:00,70.9,62,89,419
5553957443,2016-04-27 21:00:00,64.6,54,80,374
5553957443,2016-04-27 22:00:00,58.5,54,67,305
5553957443,2016-04-27 23:00:00,60.3,56,75,308
5553957443,2016-04-28 00:00:00,56.7,51,69,300
5553957443,2016-04-28 01:00:00,55.7,51,81,313
5553957443,2016-04-28 02:00:00,56.6,52,78,301
5553957443,2016-04-28 03:00:00,57.0,52,71,319
5553957443,2016-04-28 04:00:00,59.1,53,76,312
5553957443,2016-04-28 05:00:00,59.1,54,77,314
5553957443,2016-04-28 06:00:00,71.1,57,82,98
5553957443,2016-04-28 07:00:00,82.8,61,130,398
5553957443,2016-04-28 08:00:00,68.3,56,101,360
5553957443,2016-04-28 09:00:00,61.7,55,75,345
5553957443,2016-04-28 10:00:00,63.0,55,80,360
5553957443,2016-04-28 11:00:00,63.4,56,79,371
5553957443,2016-04-28 12:00:00,62.1,56,76,377
5553957443,2016-04-28 13:00:00,71.4,57,121,461
5553957443,2016-04-28 14:00:00,113.0,68,149,1200
5553957443,2016-04-28 15:00:00,68.6,59,76,356
5553957443,2016-04-28 16:00:00,76.4,55,112,459
5553957443,2016-04-28 17:00:00,71.0,57,101,432
5553957443,2016-04-28 18:00:00,64.4,57,74,349
5553957443,2016-04-28 19:00:00,67.8,60,89,355
5553957443,2016-04-28 20:00:00,65.7,59,77,345
5553957443,2016-04-28 21:00:00,60.2,51,79,365
5553957443,2016-04-28 22:00:00,56.5,52,61,305
5553957443,2016-04-28 23:00:00,58.2,54,72,319
5553957443,2016-04-29 00:00:00,56.5,53,70,315
5553957443,2016-04-29 01:00:00,58.3,54,70,321
5553957443,2016-04-29 02:00:00,59.3,52,78,321
5553957443,2016-04-29 03:00:00,59.8,53,76,339
5553957443,2016-04-29 04:00:00,58.7,52,72,311
5553957443,2016-04-29 05:00:00,56.9,52,73,300
5553957443,2016-04-29 06:00:00,72.0,55,96,427
5553957443,2016-04-29 07:00:00,79.0,61,110,456
5553957443,2016-04-29 08:00:00,65.5,55,90,363
5553957443,2016-04-29 09:00:00,61.4,53,68,351
5553957443,2016-04-29 10:00:00,64.6,53,84,383
5553957443,2016-04-29 11:00:00,104.4,68,124,1552
5553957443,2016-04-29 12:00:00,73.0,57,102,1440
5553957443,2016-04-29 13:00:00,74.3,62,110,1152
5553957443,2016-04-29 14:00:00,67.7,57,87,377
5553957443,2016-04-29 15:00:00,68.6,59,86,412
5553957443,2016-04-29 16:00:00,87.3,57,156,475
5553957443,2016-04-29 17:00:00,71.4,59,95,438
5553957443,2016-04-29 18:00:00,70.7,60,92,414
5553957443,2016-04-29 19:00:00,68.6,55,81,374
5553957443,2016-04-29 20:00:00,67.4,55,79,359
5553957443,2016-04-29 21:00:00,62.3,50,76,366
5553957443,2016-04-29 22:00:00,62.6,50,74,346
5553957443,2016-04-29 23:00:00,63.1,54,84,367
5553957443,2016-04-30 00:00:00,63.5,57,73,303
5553957443,2016-04-30 01:00:00,65.6,62,78,307
5553957443,2016-04-30 02:00:00,65.1,61,76,309
5553957443,2016-04-30 03:00:00,64.8,58,79,307
5553957443,2016-04-30 04:00:00,66.4,60,81,322
5553957443,2016-04-30 05:00:00,64.6,59,77,313
5553957443,2016-04-30 06:00:00,62.0,57,79,294
5553957443,2016-04-30 07:00:00,62.3,58,75,307
5553957443,2016-04-30 08:00:00,61.8,55,82,306
5553957443,2016-04-30 09:00:00,62.5,56,83,314
5553957443,2016-04-30 10:00:00,64.3,58,79,327
5553957443,2016-04-30 11:00:00,66.5,56,86,358
5553957443,2016-04-30 12:00:00,71.2,56,89,382
5553957443,2016-04-30 13:00:00,73.1,68,82,332
5553957443,2016-04-30 14:00:00,71.2,66,81,364
5553957443,2016-04-30 15:00:00,67.2,61,78,346
5553957443,2016-04-30 16:00:00,66.4,59,84,319
5553957443,2016-04-30 17:00:00,63.7,55,78,338
5553957443,2016-04-30 18:00:00,68.7,62,79,378
5553957443,2016-04-30 19:00:00,69.6,56,81,417
5553957443,2016-04-30 20:00:00,67.0,60,75,341
5553957443,2016-04-30 21:00:00,66.3,60,80,354
5553957443,2016-04-30 22:00:00,64.9,57,78,353
5553957443,2016-04-30 23:00:00,55.3,49,80,327
5553957443,2016-05-01 00:00:00,53.8,49,72,307
5553957443,2016-05-01 01:00:00,58.6,53,68,318
5553957443,2016-05-01 02:00:00,59.9,56,75,200
5553957443,2016-05-01 03:00:00,62.6,50,76,210
5553957443,2016-05-01 04:00:00,64.1,58,82,313
5553957443,2016-05-01 05:00:00,63.7,58,80,330
5553957443,2016-05-01 06:00:00,64.6,57,80,316
5553957443,2016-05-01 07:00:00,66.3,59,88,326
5553957443,2016-05-01 08:00:00,63.4,57,84,321
5553957443,2016-05-01 09:00:00,69.0,56,85,364
5553957443,2016-05-01 10:00:00,74.0,63,95,437
5553957443,2016-05-01 11:00:00,70.9,63,83,387
5553957443,2016-05-01 12:00:00,72.2,54,93,485
5553957443,2016-05-01 13:00:00,68.9,58,87,437
5553957443,2016-05-01 14:00:00,69.6,59,91,235
5553957443,2016-05-01 15:00:00,72.5,66,105,116
5553957443,2016-05-01 16:00:00,69.3,62,92,321
5553957443,2016-05-01 17:00:00,69.5,60,88,371
5553957443,2016-05-01 18:00:00,70.4,62,87,391
5553957443,2016-05-01 19:00:00,70.5,58,91,427
5553957443,2016-05-01 20:00:00,69.0,62,97,361
5553957443,2016-05-01 21:00:00,72.8,57,116,58
5553957443,2016-05-01 22:00:00,57.3,52,84,326
5553957443,2016-05-01 23:00:00,58.5,54,72,307
5553957443,2016-05-02 00:00:00,58.7,54,72,301
5553957443,2016-05-02 01:00:00,57.1,53,69,314
5553957443,2016-05-02 02:00:00,58.9,54,70,313
5553957443,2016-05-02 03:00:00,60.0,55,82,318
5553957443,2016-05-02 04:00:00,58.8,50,80,321
5553957443,2016-05-02 05:00:00,58.7,54,76,315
5553957443,2016-05-02 06:00:00,71.8,61,94,440
5553957443,2016-05-02 07:00:00,74.0,57,114,381
5553957443,2016-05-02 08:00:00,67.2,61,84,344
5553957443,2016-05-02 09:00:00,65.8,57,90,340
5553957443,2016-05-02 10:00:00,64.8,56,87,357
5553957443,2016-05-02 11:00:00,62.5,52,82,382
5553957443,2016-05-02 12:00:00,64.4,55,84,389
5553957443,2016-05-02 13:00:00,66.0,57,81,395
5553957443,2016-05-02 14:00:00,63.5,54,74,383
5553957443,2016-05-02 15:00:00,61.3,55,72,317
5553957443,2016-05-02 16:00:00,106.1,53,125,949
5553957443,2016-05-02 17:00:00,97.7,63,118,1014
5553957443,2016-05-02 18:00:00,83.3,67,109,418
5553957443,2016-05-02 19:00:00,73.4,65,81,365
5553957443,2016-05-02 20:00:00,69.1,52,80,384
5553957443,2016-05-02 21:00:00,65.6,56,79,382
5553957443,2016-05-02 22:00:00,59.4,55,74,310
5553957443,2016-05-02 23:00:00,59.0,54,73,319
5553957443,2016-05-03 00:00:00,61.0,55,73,332
5553957443,2016-05-03 01:00:00,60.6,56,74,325
5553957443,2016-05-03 02:00:00,61.0,54,76,331
5553957443,2016-05-03 03:00:00,59.6,55,80,331
5553957443,2016-05-03 04:00:00,61.5,56,65,159
5553957443,2016-05-03 05:00:00,65.3,54,86,368
5553957443,2016-05-03 06:00:00,75.9,65,96,427
5553957443,2016-05-03 07:00:00,71.9,58,105,395
5553957443,2016-05-03 08:00:00,59.0,53,67,317
5553957443,2016-05-03 09:00:00,59.3,54,73,348
5553957443,2016-05-03 10:00:00,59.7,51,82,369
5553957443,2016-05-03 11:00:00,57.8,54,67,354
5553957443,2016-05-03 12:00:00,63.4,54,89,393
5553957443,2016-05-03 13:00:00,63.2,56,79,365
5553957443,2016-05-03 14:00:00,61.5,53,67,354
5553957443,2016-05-03 15:00:00,60.1,52,73,377
5553957443,2016-05-03 16:00:00,100.6,54,134,695
5553957443,2016-05-03 17:00:00,97.8,66,127,691
5553957443,2016-05-03 18:00:00,74.2,58,98,398
5553957443,2016-05-03 19:00:00,74.8,59,95,472
5553957443,2016-05-03 20:00:00,72.5,56,96,442
5553957443,2016-05-03 21:00:00,64.3,50,76,356
5553957443,2016-05-03 22:00:00,65.6,52,99,378
5553957443,2016-05-03 23:00:00,62.8,51,100,388
5553957443,2016-05-04 00:00:00,57.4,47,88,360
5553957443,2016-05-04 01:00:00,54.6,50,72,306
5553957443,2016-05-04 02:00:00,62.5,54,79,334
5553957443,2016-05-04 03:00:00,60.1,55,75,328
5553957443,2016-05-04 04:00:00,63.6,55,69,293
5553957443,2016-05-04 05:00:00,57.2,54,80,300
5553957443,2016-05-04 06:00:00,60.0,51,77,328
5553957443,2016-05-04 07:00:00,58.1,52,79,329
5553957443,2016-05-04 08:00:00,60.6,51,75,360
5553957443,2016-05-04 09:00:00,62.5,56,79,346
5553957443,2016-05-04 10:00:00,62.4,56,76,347
5553957443,2016-05-04 11:00:00,59.5,53,75,340
5553957443,2016-05-04 12:00:00,64.7,57,108,297
5553957443,2016-05-04 13:00:00,62.6,55,82,392
5553957443,2016-05-04 14:00:00,66.0,57,77,402
5553957443,2016-05-04 15:00:00,64.9,53,84,397
5553957443,2016-05-04 16:00:00,64.2,55,90,371
5553957443,2016-05-04 17:00:00,65.1,55,86,407
5553957443,2016-05-04 18:00:00,63.2,53,82,403
5553957443,2016-05-04 19:00:00,67.5,53,99,406
5553957443,2016-05-04 20:00:00,62.4,54,73,366
5553957443,2016-05-04 21:00:00,62.6,53,79,379
5553957443,2016-05-04 22:00:00,57.9,52,74,349
5553957443,2016-05-04 23:00:00,55.7,47,69,319
5553957443,2016-05-05 00:00:00,55.9,53,59,303
5553957443,2016-05-05 01:00:00,56.6,50,64,315
5553957443,2016-05-05 02:00:00,57.3,54,65,301
5553957443,2016-05-05 03:00:00,57.4,54,64,306
5553957443,2016-05-05 04:00:00,56.7,53,62,315
5553957443,2016-05-05 05:00:00,56.8,50,69,317
5553957443,2016-05-05 06:00:00,72.3,57,120,247
5553957443,2016-05-05 07:00:00,74.5,61,108,426
5553957443,2016-05-05 08:00:00,79.8,53,165,424
5553957443,2016-05-05 09:00:00,60.3,53,81,359
5553957443,2016-05-05 10:00:00,60.8,54,74,357
5553957443,2016-05-05 11:00:00,60.4,53,72,368
5553957443,2016-05-05 12:00:00,61.8,52,86,388
5553957443,2016-05-05 13:00:00,59.1,52,85,350
5553957443,2016-05-05 14:00:00,65.6,55,94,423
5553957443,2016-05-05 15:00:00,60.9,54,83,370
5553957443,2016-05-05 16:00:00,97.8,52,124,957
5553957443,2016-05-05 17:00:00,91.4,58,127,712
5553957443,2016-05-05 18:00:00,71.8,58,114,396
5553957443,2016-05-05 19:00:00,69.4,59,91,384
5553957443,2016-05-05 20:00:00,72.8,60,96,489
5553957443,2016-05-05 21:00:00,64.9,53,75,402
5553957443,2016-05-05 22:00:00,62.7,51,91,393
5553957443,2016-05-05 23:00:00,56.0,49,63,294
5553957443,2016-05-06 00:00:00,60.5,54,70,312
5553957443,2016-05-06 01:00:00,61.1,55,73,321
5553957443,2016-05-06 02:00:00,59.9,56,72,312
5553957443,2016-05-06 03:00:00,58.3,54,73,315
5553957443,2016-05-06 04:00:00,61.2,52,83,308
5553957443,2016-05-06 05:00:00,58.0,54,70,316
5553957443,2016-05-06 06:00:00,69.4,58,80,162
5553957443,2016-05-06 07:00:00,76.4,58,103,447
5553957443,2016-05-06 08:00:00,75.4,57,104,406
5553957443,2016-05-06 09:00:00,59.5,52,68,334
5553957443,2016-05-06 10:00:00,59.0,53,65,359
5553957443,2016-05-06 11:00:00,60.9,55,71,369
5553957443,2016-05-06 12:00:00,63.2,51,87,426
5553957443,2016-05-06 13:00:00,61.8,55,72,361
5553957443,2016-05-06 14:00:00,62.9,55,76,415
5553957443,2016-05-06 15:00:00,58.8,53,75,384
5553957443,2016-05-06 16:00:00,59.1,52,70,560
5553957443,2016-05-06 17:00:00,65.3,51,91,611
5553957443,2016-05-06 18:00:00,66.0,55,86,129
5553957443,2016-05-06 19:00:00,67.9,56,102,189
5553957443,2016-05-06 20:00:00,64.9,57,73,53
5553957443,2016-05-06 21:00:00,61.0,58,66,54
5553957443,2016-05-07 01:00:00,62.6,62,65,27
5553957443,2016-05-07 17:00:00,72.0,56,140,146
5553957443,2016-05-07 18:00:00,61.4,54,88,397
5553957443,2016-05-07 19:00:00,59.3,53,71,369
5553957443,2016-05-07 20:00:00,62.7,56,70,364
5553957443,2016-05-07 21:00:00,64.7,53,85,400
5553957443,2016-05-07 22:00:00,65.7,56,93,434
5553957443,2016-05-07 23:00:00,60.3,51,89,359
5553957443,2016-05-08 00:00:00,61.3,55,69,277
5553957443,2016-05-08 01:00:00,65.3,60,68,303
5553957443,2016-05-08 02:00:00,65.9,60,84,315
5553957443,2016-05-08 03:00:00,64.3,58,78,315
5553957443,2016-05-08 04:00:00,65.7,58,83,301
5553957443,2016-05-08 05:00:00,62.2,57,78,310
5553957443,2016-05-08 06:00:00,59.7,54,75,324
5553957443,2016-05-08 07:00:00,59.1,53,77,305
5553957443,2016-05-08 08:00:00,59.5,53,69,312
5553957443,2016-05-08 09:00:00,63.6,54,82,350
5553957443,2016-05-08 10:00:00,67.1,60,83,386
5553957443,2016-05-08 11:00:00,64.0,55,73,343
5553957443,2016-05-08 12:00:00,74.7,63,100,468
5553957443,2016-05-08 13:00:00,72.8,61,100,398
5553957443,2016-05-08 14:00:00,64.8,51,75,360
5553957443,2016-05-08 15:00:00,63.3,55,78,335
5553957443,2016-05-08 16:00:00,65.6,56,76,375
5553957443,2016-05-08 17:00:00,66.7,56,86,369
5553957443,2016-05-08 18:00:00,71.0,59,104,409
5553957443,2016-05-08 19:00:00,72.0,56,110,430
5553957443,2016-05-08 20:00:00,63.3,56,85,356
5553957443,2016-05-08 21:00:00,63.9,54,94,372
5553957443,2016-05-08 22:00:00,63.0,56,70,309
5553957443,2016-05-08 23:00:00,64.3,59,72,295
5553957443,2016-05-09 00:00:00,62.2,56,79,315
5553957443,2016-05-09 01:00:00,61.2,57,74,315
5553957443,2016-05-09 02:00:00,59.5,55,73,317
5553957443,2016-05-09 03:00:00,59.5,55,77,324
5553957443,2016-05-09 04:00:00,58.5,53,73,321
5553957443,2016-05-09 05:00:00,59.0,55,68,233
5553957443,2016-05-09 06:00:00,75.0,64,91,260
5553957443,2016-05-09 07:00:00,77.1,56,121,442
5553957443,2016-05-09 08:00:00,71.8,56,108,403
5553957443,2016-05-09 09:00:00,63.5,55,71,372
5553957443,2016-05-09 10:00:00,61.1,53,80,389
5553957443,2016-05-09 11:00:00,57.6,51,81,346
5553957443,2016-05-09 12:00:00,62.7,54,85,350
5553957443,2016-05-09 13:00:00,59.4,53,70,353
5553957443,2016-05-09 14:00:00,61.1,53,70,342
5553957443,2016-05-09 15:00:00,59.2,55,66,324
5553957443,2016-05-09 16:00:00,113.8,56,149,933
5553957443,2016-05-09 17:00:00,112.8,68,148,1329
5553957443,2016-05-09 18:00:00,82.7,58,112,452
5553957443,2016-05-09 19:00:00,79.0,65,101,472
5553957443,2016-05-09 20:00:00,72.4,61,90,420
5553957443,2016-05-09 21:00:00,68.7,57,88,392
5553957443,2016-05-09 22:00:00,61.9,55,78,350
5553957443,2016-05-09 23:00:00,62.5,56,71,305
5553957443,2016-05-10 00:00:00,64.0,60,77,315
5553957443,2016-05-10 01:00:00,63.8,58,79,311
5553957443,2016-05-10 02:00:00,62.7,57,74,318
5553957443,2016-05-10 03:00:00,62.2,55,78,332
5553957443,2016-05-10 04:00:00,61.4,55,71,317
5553957443,2016-05-10 05:00:00,63.0,56,66,298
5553957443,2016-05-10 06:00:00,74.3,57,102,402
5553957443,2016-05-10 07:00:00,83.2,60,118,431
5553957443,2016-05-10 08:00:00,65.2,59,74,331
5553957443,2016-05-10 09:00:00,59.4,55,65,333
5553957443,2016-05-10 10:00:00,59.3,53,69,346
5553957443,2016-05-10 11:00:00,106.9,54,131,902
5553957443,2016-05-10 12:00:00,106.3,68,133,1249
5553957443,2016-05-10 13:00:00,74.3,63,82,372
5553957443,2016-05-10 14:00:00,64.8,53,74,397
5553957443,2016-05-10 15:00:00,63.9,54,71,371
5553957443,2016-05-10 16:00:00,65.2,57,76,373
5553957443,2016-05-10 17:00:00,79.4,58,111,411
5553957443,2016-05-10 18:00:00,77.6,62,110,405
5553957443,2016-05-10 19:00:00,71.1,62,88,394
5553957443,2016-05-10 20:00:00,73.7,66,93,370
5553957443,2016-05-10 21:00:00,74.1,62,96,387
5553957443,2016-05-10 22:00:00,71.0,60,90,406
5553957443,2016-05-10 23:00:00,69.1,57,103,402
5553957443,2016-05-11 00:00:00,63.2,58,76,330
5553957443,2016-05-11 01:00:00,61.7,56,71,296
5553957443,2016-05-11 02:00:00,63.0,57,76,308
5553957443,2016-05-11 03:00:00,62.5,56,75,311
5553957443,2016-05-11 04:00:00,62.3,55,70,310
5553957443,2016-05-11 05:00:00,62.2,56,69,310
5553957443,2016-05-11 06:00:00,61.5,57,70,250
5553957443,2016-05-11 07:00:00,61.8,56,76,257
5553957443,2016-05-11 08:00:00,67.1,55,103,390
5553957443,2016-05-11 09:00:00,67.5,57,78,349
5553957443,2016-05-11 10:00:00,69.3,59,83,430
5553957443,2016-05-11 11:00:00,66.0,58,77,348
5553957443,2016-05-11 12:00:00,68.0,59,87,366
5553957443,2016-05-11 13:00:00,62.7,58,72,327
5553957443,2016-05-11 14:00:00,69.4,59,92,382
5553957443,2016-05-11 15:00:00,68.1,62,97,356
5553957443,2016-05-11 16:00:00,65.9,56,91,336
5553957443,2016-05-11 17:00:00,63.2,55,72,333
5553957443,2016-05-11 18:00:00,67.9,59,83,369
5553957443,2016-05-11 19:00:00,72.1,61,99,373
5553957443,2016-05-11 20:00:00,68.4,61,95,362
5553957443,2016-05-11 21:00:00,66.9,58,81,361
5553957443,2016-05-11 22:00:00,58.6,54,62,287
5553957443,2016-05-11 23:00:00,56.5,54,76,119
5553957443,2016-05-12 00:00:00,57.3,54,73,300
5553957443,2016-05-12 01:00:00,58.0,54,72,289
5553957443,2016-05-12 02:00:00,60.3,56,80,195
5553957443,2016-05-12 03:00:00,59.9,54,66,309
5553957443,2016-05-12 04:00:00,59.7,56,72,296
5553957443,2016-05-12 05:00:00,59.2,54,79,275
5553957443,2016-05-12 06:00:00,71.7,62,84,265
5553957443,2016-05-12 07:00:00,81.8,60,107,378
5553957443,2016-05-12 09:00:00,78.0,78,78,2
5577150313,2016-04-12 00:00:00,50.5,45,74,313
5577150313,2016-04-12 01:00:00,51.2,46,67,340
5577150313,2016-04-12 02:00:00,51.3,47,60,315
5577150313,2016-04-12 03:00:00,51.1,46,64,333
5577150313,2016-04-12 04:00:00,49.9,44,67,335
5577150313,2016-04-12 05:00:00,50.5,41,62,338
5577150313,2016-04-12 06:00:00,97.4,53,129,466
5577150313,2016-04-12 07:00:00,68.2,56,112,370
5577150313,2016-04-12 08:00:00,64.6,48,96,371
5577150313,2016-04-12 09:00:00,62.7,54,105,375
5577150313,2016-04-12 10:00:00,73.6,50,113,396
5577150313,2016-04-12 11:00:00,86.6,52,154,393
5577150313,2016-04-12 12:00:00,66.0,52,78,365
5577150313,2016-04-12 13:00:00,67.0,53,86,372
5577150313,2016-04-12 14:00:00,66.1,55,81,377
5577150313,2016-04-12 15:00:00,64.6,51,100,368
5577150313,2016-04-12 16:00:00,81.3,49,153,420
5577150313,2016-04-12 17:00:00,68.3,52,125,357
5577150313,2016-04-12 18:00:00,61.2,55,77,363
5577150313,2016-04-12 19:00:00,86.5,53,125,392
5577150313,2016-04-12 20:00:00,64.6,53,111,329
5577150313,2016-04-12 21:00:00,60.4,52,77,345
5577150313,2016-04-12 22:00:00,53.2,49,76,332
5577150313,2016-04-12 23:00:00,52.1,47,59,320
5577150313,2016-04-13 00:00:00,52.3,44,65,324
5577150313,2016-04-13 01:00:00,54.9,51,64,310
5577150313,2016-04-13 02:00:00,55.1,48,63,285
5577150313,2016-04-13 03:00:00,51.3,48,58,228
5577150313,2016-04-13 04:00:00,52.3,47,63,135
5577150313,2016-04-13 05:00:00,48.5,46,51,71
5577150313,2016-04-13 06:00:00,57.4,47,60,27
5577150313,2016-04-13 17:00:00,72.4,54,114,350
5577150313,2016-04-13 18:00:00,60.7,49,70,362
5577150313,2016-04-13 19:00:00,58.9,46,88,377
5577150313,2016-04-13 20:00:00,80.2,50,121,408
5577150313,2016-04-13 21:00:00,59.6,49,78,323
5577150313,2016-04-13 22:00:00,54.4,51,58,300
5577150313,2016-04-13 23:00:00,52.7,47,71,329
5577150313,2016-04-14 00:00:00,50.0,43,69,327
5577150313,2016-04-14 01:00:00,50.1,46,58,328
5577150313,2016-04-14 02:00:00,52.0,45,62,341
5577150313,2016-04-14 03:00:00,50.7,45,64,312
5577150313,2016-04-14 04:00:00,52.1,47,73,334
5577150313,2016-04-14 05:00:00,57.3,48,86,323
5577150313,2016-04-14 06:00:00,108.2,64,128,338
5577150313,2016-04-14 07:00:00,73.3,59,112,394
5577150313,2016-04-14 08:00:00,69.9,53,101,355
5577150313,2016-04-14 09:00:00,66.8,53,95,381
5577150313,2016-04-14 10:00:00,61.5,52,70,352
5577150313,2016-04-14 11:00:00,98.2,59,172,424
5577150313,2016-04-14 12:00:00,72.5,54,104,396
5577150313,2016-04-14 13:00:00,64.5,51,110,356
5577150313,2016-04-14 14:00:00,117.7,70,163,1503
5577150313,2016-04-14 15:00:00,93.7,63,133,424
5577150313,2016-04-14 16:00:00,88.5,64,113,423
5577150313,2016-04-14 17:00:00,75.5,53,108,386
5577150313,2016-04-14 18:00:00,64.9,58,74,373
5577150313,2016-04-14 19:00:00,79.6,55,128,349
5577150313,2016-04-14 20:00:00,74.9,58,101,386
5577150313,2016-04-14 21:00:00,63.7,54,92,357
5577150313,2016-04-14 22:00:00,53.8,50,70,328
5577150313,2016-04-14 23:00:00,50.6,47,57,316
5577150313,2016-04-15 00:00:00,51.9,46,64,337
5577150313,2016-04-15 01:00:00,55.8,50,71,326
5577150313,2016-04-15 02:00:00,51.1,46,62,297
5577150313,2016-04-15 03:00:00,48.2,39,67,335
5577150313,2016-04-15 04:00:00,47.7,40,72,339
5577150313,2016-04-15 05:00:00,62.5,43,157,415
5577150313,2016-04-15 06:00:00,96.8,50,135,456
5577150313,2016-04-15 07:00:00,72.6,58,115,382
5577150313,2016-04-15 08:00:00,64.7,56,91,365
5577150313,2016-04-15 09:00:00,64.0,53,102,412
5577150313,2016-04-15 10:00:00,61.8,49,106,367
5577150313,2016-04-15 11:00:00,78.8,52,137,400
5577150313,2016-04-15 12:00:00,71.6,49,110,392
5577150313,2016-04-15 13:00:00,68.1,47,112,401
5577150313,2016-04-15 14:00:00,77.8,50,119,540
5577150313,2016-04-15 15:00:00,82.1,54,126,1880
5577150313,2016-04-15 16:00:00,78.5,60,122,1481
5577150313,2016-04-15 17:00:00,72.1,61,83,316
5577150313,2016-04-15 18:00:00,96.0,57,128,709
5577150313,2016-04-15 19:00:00,96.2,59,156,1551
5577150313,2016-04-15 20:00:00,89.9,59,132,1459
5577150313,2016-04-15 21:00:00,65.9,56,75,1300
5577150313,2016-04-15 22:00:00,60.0,51,71,1295
5577150313,2016-04-15 23:00:00,52.1,48,57,1246
5577150313,2016-04-16 00:00:00,49.3,43,68,1267
5577150313,2016-04-16 01:00:00,47.4,43,69,1249
5577150313,2016-04-16 02:00:00,50.4,44,73,1290
5577150313,2016-04-16 03:00:00,46.1,43,55,1240
5577150313,2016-04-16 04:00:00,51.6,43,66,1310
5577150313,2016-04-16 05:00:00,49.6,45,67,1268
5577150313,2016-04-16 06:00:00,79.3,45,134,1675
5577150313,2016-04-16 07:00:00,92.6,54,118,1572
5577150313,2016-04-16 08:00:00,58.9,53,80,1336
5577150313,2016-04-16 09:00:00,58.2,50,69,1316
5577150313,2016-04-16 10:00:00,86.9,49,134,1583
5577150313,2016-04-16 11:00:00,74.1,53,116,1408
5577150313,2016-04-16 12:00:00,69.0,53,115,1377
5577150313,2016-04-16 13:00:00,101.3,59,128,1425
5577150313,2016-04-16 14:00:00,114.1,94,136,1603
5577150313,2016-04-16 15:00:00,73.5,58,114,1417
5577150313,2016-04-16 16:00:00,62.9,52,89,1363
5577150313,2016-04-16 17:00:00,67.0,52,114,1539
5577150313,2016-04-16 18:00:00,78.0,52,136,1594
5577150313,2016-04-16 19:00:00,73.6,56,119,1171
5577150313,2016-04-16 20:00:00,63.4,54,91,360
5577150313,2016-04-16 21:00:00,55.1,52,59,319
5577150313,2016-04-16 22:00:00,51.3,47,58,334
5577150313,2016-04-16 23:00:00,47.8,45,60,314
5577150313,2016-04-17 00:00:00,47.7,43,54,310
5577150313,2016-04-17 01:00:00,50.2,46,55,265
5577150313,2016-04-17 02:00:00,49.1,41,66,342
5577150313,2016-04-17 03:00:00,43.4,41,57,322
5577150313,2016-04-17 04:00:00,44.1,40,55,332
5577150313,2016-04-17 05:00:00,45.9,40,53,337
5577150313,2016-04-17 06:00:00,75.3,46,118,373
5577150313,2016-04-17 07:00:00,110.6,53,174,473
5577150313,2016-04-17 08:00:00,70.0,53,106,353
5577150313,2016-04-17 09:00:00,84.5,55,126,377
5577150313,2016-04-17 10:00:00,77.7,53,124,432
5577150313,2016-04-17 11:00:00,92.9,58,129,432
5577150313,2016-04-17 12:00:00,111.9,57,138,466
5577150313,2016-04-17 13:00:00,96.5,55,124,437
5577150313,2016-04-17 14:00:00,72.6,55,123,385
5577150313,2016-04-17 15:00:00,65.7,52,117,374
5577150313,2016-04-17 16:00:00,62.7,56,71,364
5577150313,2016-04-17 17:00:00,63.6,57,72,361
5577150313,2016-04-17 18:00:00,69.0,51,118,407
5577150313,2016-04-17 19:00:00,59.9,52,91,391
5577150313,2016-04-17 20:00:00,65.6,50,109,407
5577150313,2016-04-17 21:00:00,88.5,53,128,351
5577150313,2016-04-17 22:00:00,55.3,51,60,323
5577150313,2016-04-17 23:00:00,50.7,47,62,336
5577150313,2016-04-18 00:00:00,48.5,45,75,307
5577150313,2016-04-18 01:00:00,48.1,43,56,321
5577150313,2016-04-18 02:00:00,49.6,45,56,323
5577150313,2016-04-18 03:00:00,49.8,46,64,326
5577150313,2016-04-18 04:00:00,50.4,44,64,343
5577150313,2016-04-18 05:00:00,49.1,44,59,336
5577150313,2016-04-18 06:00:00,51.4,46,81,335
5577150313,2016-04-18 07:00:00,62.8,51,80,343
5577150313,2016-04-18 08:00:00,63.4,53,88,361
5577150313,2016-04-18 09:00:00,93.2,53,129,500
5577150313,2016-04-18 10:00:00,107.0,70,132,479
5577150313,2016-04-18 11:00:00,71.4,56,114,365
5577150313,2016-04-18 12:00:00,69.1,55,92,375
5577150313,2016-04-18 13:00:00,56.5,41,63,339
5577150313,2016-04-18 14:00:00,73.5,52,117,403
5577150313,2016-04-18 15:00:00,77.5,51,165,380
5577150313,2016-04-18 16:00:00,74.3,55,128,333
5577150313,2016-04-18 17:00:00,68.7,62,101,337
5577150313,2016-04-18 18:00:00,81.2,57,119,436
5577150313,2016-04-18 19:00:00,88.9,67,117,402
5577150313,2016-04-18 20:00:00,77.1,62,103,391
5577150313,2016-04-18 21:00:00,68.2,55,107,390
5577150313,2016-04-18 22:00:00,60.2,55,73,338
5577150313,2016-04-18 23:00:00,61.4,57,79,166
5577150313,2016-04-19 00:00:00,58.4,53,76,339
5577150313,2016-04-19 01:00:00,58.4,53,78,330
5577150313,2016-04-19 02:00:00,57.5,51,116,318
5577150313,2016-04-19 03:00:00,55.2,51,75,337
5577150313,2016-04-19 04:00:00,54.9,50,77,338
5577150313,2016-04-19 05:00:00,51.7,47,60,346
5577150313,2016-04-19 06:00:00,56.6,49,75,344
5577150313,2016-04-19 07:00:00,82.6,51,112,493
5577150313,2016-04-19 08:00:00,98.7,79,118,220
5577150313,2016-04-19 09:00:00,72.3,42,81,348
5577150313,2016-04-19 10:00:00,70.3,56,104,365
5577150313,2016-04-19 11:00:00,66.1,55,92,354
5577150313,2016-04-19 12:00:00,73.3,55,111,401
5577150313,2016-04-19 13:00:00,73.2,59,100,406
5577150313,2016-04-19 14:00:00,87.4,61,132,389
5577150313,2016-04-19 15:00:00,86.6,59,151,390
5577150313,2016-04-19 16:00:00,85.1,64,156,374
5577150313,2016-04-19 17:00:00,75.0,55,92,351
5577150313,2016-04-19 18:00:00,65.8,51,82,404
5577150313,2016-04-19 19:00:00,63.0,50,88,375
5577150313,2016-04-19 20:00:00,98.2,65,159,486
5577150313,2016-04-19 21:00:00,66.9,56,75,353
5577150313,2016-04-19 22:00:00,58.9,56,66,315
5577150313,2016-04-19 23:00:00,58.2,54,63,291
5577150313,2016-04-20 00:00:00,58.0,53,63,230
5577150313,2016-04-20 01:00:00,54.1,50,58,248
5577150313,2016-04-20 02:00:00,50.2,47,56,130
5577150313,2016-04-20 03:00:00,48.6,48,52,54
5577150313,2016-04-20 04:00:00,53.6,48,56,27
5577150313,2016-04-20 05:00:00,47.8,45,56,54
5577150313,2016-04-20 08:00:00,99.0,62,132,408
5577150313,2016-04-20 09:00:00,85.1,59,135,408
5577150313,2016-04-20 10:00:00,82.3,56,130,412
5577150313,2016-04-20 11:00:00,102.7,70,123,96
5577150313,2016-04-20 12:00:00,76.3,61,125,388
5577150313,2016-04-20 13:00:00,68.8,59,97,396
5577150313,2016-04-20 14:00:00,69.4,59,99,413
5577150313,2016-04-20 15:00:00,63.7,57,74,362
5577150313,2016-04-20 16:00:00,68.9,59,113,383
5577150313,2016-04-20 17:00:00,62.6,54,77,373
5577150313,2016-04-20 18:00:00,70.3,59,113,389
5577150313,2016-04-20 19:00:00,72.3,52,113,398
5577150313,2016-04-20 20:00:00,66.4,52,116,368
5577150313,2016-04-20 21:00:00,55.9,51,73,339
5577150313,2016-04-20 22:00:00,55.5,47,92,345
5577150313,2016-04-20 23:00:00,51.9,46,81,314
5577150313,2016-04-21 00:00:00,57.8,48,76,348
5577150313,2016-04-21 01:00:00,55.2,49,60,352
5577150313,2016-04-21 02:00:00,53.3,48,63,343
5577150313,2016-04-21 03:00:00,52.5,47,71,332
5577150313,2016-04-21 04:00:00,52.0,47,82,334
5577150313,2016-04-21 05:00:00,48.4,43,78,350
5577150313,2016-04-21 06:00:00,107.3,52,134,464
5577150313,2016-04-21 07:00:00,73.8,56,118,383
5577150313,2016-04-21 08:00:00,69.2,54,114,389
5577150313,2016-04-21 09:00:00,69.2,52,101,378
5577150313,2016-04-21 10:00:00,68.3,58,83,340
5577150313,2016-04-21 11:00:00,96.2,57,168,439
5577150313,2016-04-21 12:00:00,66.2,57,86,367
5577150313,2016-04-21 13:00:00,68.5,51,121,365
5577150313,2016-04-21 14:00:00,78.0,54,120,698
5577150313,2016-04-21 15:00:00,88.8,56,124,1269
5577150313,2016-04-21 16:00:00,91.5,67,123,395
5577150313,2016-04-21 17:00:00,85.2,59,147,440
5577150313,2016-04-21 18:00:00,65.1,56,97,361
5577150313,2016-04-21 19:00:00,83.4,58,115,403
5577150313,2016-04-21 20:00:00,65.1,53,111,364
5577150313,2016-04-21 21:00:00,55.0,48,62,335
5577150313,2016-04-21 22:00:00,56.2,47,77,352
5577150313,2016-04-21 23:00:00,51.0,47,57,305
5577150313,2016-04-22 00:00:00,49.2,46,53,299
5577150313,2016-04-22 01:00:00,53.2,47,68,330
5577150313,2016-04-22 02:00:00,54.1,49,73,319
5577150313,2016-04-22 03:00:00,52.9,45,71,335
5577150313,2016-04-22 04:00:00,47.6,44,70,328
5577150313,2016-04-22 05:00:00,58.0,43,110,421
5577150313,2016-04-22 06:00:00,99.0,57,132,479
5577150313,2016-04-22 07:00:00,70.3,54,100,385
5577150313,2016-04-22 08:00:00,71.7,56,119,370
5577150313,2016-04-22 09:00:00,67.2,53,113,419
5577150313,2016-04-22 10:00:00,62.2,50,105,401
5577150313,2016-04-22 11:00:00,67.2,50,112,405
5577150313,2016-04-22 12:00:00,66.0,45,115,383
5577150313,2016-04-22 13:00:00,55.9,48,72,310
5577150313,2016-04-22 14:00:00,56.8,48,73,355
5577150313,2016-04-22 15:00:00,52.7,44,64,323
5577150313,2016-04-22 16:00:00,54.1,45,75,375
5577150313,2016-04-22 17:00:00,65.0,45,103,399
5577150313,2016-04-22 18:00:00,69.8,48,115,352
5577150313,2016-04-22 19:00:00,75.3,54,110,290
5577150313,2016-04-22 20:00:00,79.8,56,123,272
5577150313,2016-04-22 21:00:00,101.0,94,107,8
5577150313,2016-04-22 22:00:00,80.3,56,125,446
5577150313,2016-04-22 23:00:00,59.2,44,96,357
5577150313,2016-04-23 00:00:00,49.2,45,61,313
5577150313,2016-04-23 01:00:00,56.3,48,75,342
5577150313,2016-04-23 02:00:00,55.8,50,69,331
5577150313,2016-04-23 03:00:00,56.3,49,69,352
5577150313,2016-04-23 04:00:00,55.4,48,70,358
5577150313,2016-04-23 05:00:00,51.7,46,66,312
5577150313,2016-04-23 06:00:00,58.3,46,105,363
5577150313,2016-04-23 07:00:00,73.3,52,114,386
5577150313,2016-04-23 08:00:00,58.3,50,73,367
5577150313,2016-04-23 09:00:00,63.4,52,91,415
5577150313,2016-04-23 10:00:00,77.2,49,119,399
5577150313,2016-04-23 11:00:00,70.4,54,123,381
5577150313,2016-04-23 12:00:00,71.4,54,105,249
5577150313,2016-04-23 13:00:00,76.6,55,113,343
5577150313,2016-04-23 14:00:00,69.0,60,110,177
5577150313,2016-04-23 15:00:00,81.5,55,117,411
5577150313,2016-04-23 16:00:00,64.6,51,100,376
5577150313,2016-04-23 17:00:00,76.7,55,111,487
5577150313,2016-04-23 18:00:00,77.2,53,143,415
5577150313,2016-04-23 19:00:00,73.5,52,171,379
5577150313,2016-04-23 20:00:00,67.0,40,119,377
5577150313,2016-04-23 21:00:00,58.5,54,113,329
5577150313,2016-04-23 22:00:00,54.4,50,62,328
5577150313,2016-04-23 23:00:00,52.1,46,61,329
5577150313,2016-04-24 00:00:00,54.5,48,67,330
5577150313,2016-04-24 01:00:00,54.1,40,87,345
5577150313,2016-04-24 02:00:00,50.9,45,72,339
5577150313,2016-04-24 03:00:00,54.0,47,67,346
5577150313,2016-04-24 04:00:00,52.9,49,65,326
5577150313,2016-04-24 05:00:00,52.5,47,70,327
5577150313,2016-04-24 06:00:00,51.8,47,65,343
5577150313,2016-04-24 07:00:00,63.2,50,114,343
5577150313,2016-04-24 08:00:00,65.1,51,113,386
5577150313,2016-04-24 09:00:00,64.0,53,95,389
5577150313,2016-04-24 10:00:00,86.7,60,118,434
5577150313,2016-04-24 11:00:00,106.7,93,124,423
5577150313,2016-04-24 12:00:00,84.4,59,110,100
5577150313,2016-04-24 13:00:00,90.0,63,131,126
5577150313,2016-04-24 14:00:00,74.1,55,122,414
5577150313,2016-04-24 15:00:00,108.4,58,130,460
5577150313,2016-04-24 16:00:00,93.6,67,119,414
5577150313,2016-04-24 17:00:00,103.1,65,131,440
5577150313,2016-04-24 18:00:00,77.3,56,115,375
5577150313,2016-04-24 19:00:00,89.0,59,120,294
5577150313,2016-04-24 20:00:00,66.3,59,112,352
5577150313,2016-04-24 21:00:00,62.0,50,87,357
5577150313,2016-04-24 22:00:00,56.5,51,69,343
5577150313,2016-04-24 23:00:00,56.9,51,75,332
5577150313,2016-04-25 00:00:00,55.7,52,63,340
5577150313,2016-04-25 01:00:00,55.5,48,63,317
5577150313,2016-04-25 02:00:00,53.2,49,68,330
5577150313,2016-04-25 03:00:00,48.8,44,67,324
5577150313,2016-04-25 04:00:00,50.2,44,61,336
5577150313,2016-04-25 05:00:00,48.4,43,69,370
5577150313,2016-04-25 06:00:00,99.6,56,125,449
5577150313,2016-04-25 07:00:00,72.5,55,103,393
5577150313,2016-04-25 08:00:00,64.9,45,97,383
5577150313,2016-04-25 09:00:00,73.6,59,94,361
5577150313,2016-04-25 10:00:00,88.9,57,123,401
5577150313,2016-04-25 11:00:00,77.5,56,117,413
5577150313,2016-04-25 12:00:00,82.5,61,107,375
5577150313,2016-04-25 13:00:00,83.8,66,110,416
5577150313,2016-04-25 14:00:00,69.9,53,111,367
5577150313,2016-04-25 15:00:00,67.1,55,80,371
5577150313,2016-04-25 16:00:00,71.3,57,97,427
5577150313,2016-04-25 17:00:00,67.1,52,96,367
5577150313,2016-04-25 18:00:00,60.4,54,85,374
5577150313,2016-04-25 19:00:00,77.3,51,124,402
5577150313,2016-04-25 20:00:00,60.8,49,113,355
5577150313,2016-04-25 21:00:00,58.4,52,77,348
5577150313,2016-04-25 22:00:00,57.1,49,70,355
5577150313,2016-04-25 23:00:00,50.7,47,55,303
5577150313,2016-04-26 00:00:00,52.7,46,63,320
5577150313,2016-04-26 01:00:00,52.6,47,65,324
5577150313,2016-04-26 02:00:00,52.5,46,69,335
5577150313,2016-04-26 03:00:00,48.8,44,57,320
5577150313,2016-04-26 04:00:00,46.2,42,54,324
5577150313,2016-04-26 05:00:00,74.7,44,118,413
5577150313,2016-04-26 06:00:00,86.2,56,122,420
5577150313,2016-04-26 07:00:00,69.6,56,99,431
5577150313,2016-04-26 08:00:00,71.9,54,113,373
5577150313,2016-04-26 09:00:00,65.2,54,118,348
5577150313,2016-04-26 10:00:00,64.5,48,106,375
5577150313,2016-04-26 11:00:00,67.3,54,103,415
5577150313,2016-04-26 12:00:00,74.7,54,100,420
5577150313,2016-04-26 13:00:00,83.1,59,114,369
5577150313,2016-04-26 14:00:00,75.2,53,109,383
5577150313,2016-04-26 15:00:00,68.5,54,85,373
5577150313,2016-04-26 16:00:00,66.8,57,85,370
5577150313,2016-04-26 17:00:00,61.3,53,72,340
5577150313,2016-04-26 18:00:00,63.5,52,111,361
5577150313,2016-04-26 19:00:00,69.5,53,109,406
5577150313,2016-04-26 20:00:00,74.0,50,113,364
5577150313,2016-04-26 21:00:00,57.0,50,70,347
5577150313,2016-04-26 22:00:00,50.2,40,61,312
5577150313,2016-04-26 23:00:00,51.7,41,63,321
5577150313,2016-04-27 00:00:00,53.7,49,76,317
5577150313,2016-04-27 01:00:00,52.6,47,66,328
5577150313,2016-04-27 02:00:00,53.0,47,73,337
5577150313,2016-04-27 03:00:00,53.7,49,68,327
5577150313,2016-04-27 04:00:00,51.7,45,69,314
5577150313,2016-04-27 05:00:00,53.7,42,94,383
5577150313,2016-04-27 06:00:00,98.5,55,130,488
5577150313,2016-04-27 07:00:00,71.1,56,111,378
5577150313,2016-04-27 08:00:00,69.3,53,97,367
5577150313,2016-04-27 09:00:00,75.2,53,119,403
5577150313,2016-04-27 10:00:00,64.2,54,84,359
5577150313,2016-04-27 11:00:00,72.6,53,98,383
5577150313,2016-04-27 12:00:00,67.1,54,98,362
5577150313,2016-04-27 13:00:00,66.8,54,91,358
5577150313,2016-04-27 14:00:00,67.0,57,90,340
5577150313,2016-04-27 15:00:00,79.0,58,117,395
5577150313,2016-04-27 16:00:00,70.5,53,114,399
5577150313,2016-04-27 17:00:00,63.1,51,90,378
5577150313,2016-04-27 18:00:00,73.2,58,125,386
5577150313,2016-04-27 19:00:00,93.0,53,127,415
5577150313,2016-04-27 20:00:00,58.0,49,91,344
5577150313,2016-04-27 21:00:00,55.8,47,69,353
5577150313,2016-04-27 22:00:00,52.2,45,67,339
5577150313,2016-04-27 23:00:00,50.2,44,56,303
5577150313,2016-04-28 00:00:00,56.3,50,69,323
5577150313,2016-04-28 01:00:00,55.6,50,72,345
5577150313,2016-04-28 02:00:00,52.0,45,75,332
5577150313,2016-04-28 03:00:00,50.0,40,68,322
5577150313,2016-04-28 04:00:00,49.6,44,64,336
5577150313,2016-04-28 05:00:00,62.6,41,147,414
5577150313,2016-04-28 06:00:00,101.6,79,128,357
5577150313,2016-04-28 07:00:00,74.4,57,115,365
5577150313,2016-04-28 08:00:00,69.0,51,109,377
5577150313,2016-04-28 09:00:00,61.9,52,88,364
5577150313,2016-04-28 10:00:00,65.5,51,112,381
5577150313,2016-04-28 11:00:00,131.9,96,171,211
5577150313,2016-04-28 13:00:00,89.1,65,128,672
5577150313,2016-04-28 14:00:00,78.7,53,102,1016
5577150313,2016-04-28 15:00:00,76.5,55,123,397
5577150313,2016-04-28 16:00:00,67.6,55,102,347
5577150313,2016-04-28 17:00:00,73.2,57,114,388
5577150313,2016-04-28 18:00:00,61.7,54,80,341
5577150313,2016-04-28 19:00:00,93.5,58,124,420
5577150313,2016-04-28 20:00:00,67.6,57,115,365
5577150313,2016-04-28 21:00:00,62.9,54,97,353
5577150313,2016-04-28 22:00:00,53.1,49,60,310
5577150313,2016-04-28 23:00:00,51.5,47,64,326
5577150313,2016-04-29 00:00:00,52.0,48,64,313
5577150313,2016-04-29 01:00:00,52.3,47,77,342
5577150313,2016-04-29 02:00:00,49.9,46,58,247
5577150313,2016-04-29 03:00:00,48.5,44,58,321
5577150313,2016-04-29 04:00:00,45.6,42,57,253
5577150313,2016-04-29 05:00:00,48.2,42,58,342
5577150313,2016-04-29 06:00:00,99.3,47,124,478
5577150313,2016-04-29 07:00:00,79.1,57,124,390
5577150313,2016-04-29 08:00:00,66.5,53,98,375
5577150313,2016-04-29 09:00:00,70.5,54,111,422
5577150313,2016-04-29 10:00:00,64.8,51,106,391
5577150313,2016-04-29 11:00:00,69.1,51,108,418
5577150313,2016-04-29 12:00:00,70.4,52,109,272
5577150313,2016-04-29 13:00:00,58.4,51,77,366
5577150313,2016-04-29 14:00:00,60.4,50,78,364
5577150313,2016-04-29 15:00:00,61.0,47,102,385
5577150313,2016-04-29 16:00:00,62.1,51,109,361
5577150313,2016-04-29 17:00:00,55.8,44,84,354
5577150313,2016-04-29 18:00:00,62.2,48,102,390
5577150313,2016-04-29 19:00:00,94.1,51,126,440
5577150313,2016-04-29 20:00:00,102.5,59,141,484
5577150313,2016-04-29 21:00:00,59.5,54,71,341
5577150313,2016-04-29 22:00:00,57.3,50,73,347
5577150313,2016-04-29 23:00:00,52.0,47,59,316
5577150313,2016-04-30 00:00:00,52.6,48,64,323
5577150313,2016-04-30 01:00:00,50.6,45,58,332
5577150313,2016-04-30 02:00:00,51.8,46,69,328
5577150313,2016-04-30 03:00:00,49.4,45,58,319
5577150313,2016-04-30 04:00:00,50.8,43,66,326
5577150313,2016-04-30 05:00:00,48.2,41,68,329
5577150313,2016-04-30 06:00:00,53.7,47,82,343
5577150313,2016-04-30 07:00:00,61.5,48,103,392
5577150313,2016-04-30 08:00:00,65.2,53,116,392
5577150313,2016-04-30 09:00:00,64.7,53,87,375
5577150313,2016-04-30 10:00:00,98.5,60,125,425
5577150313,2016-04-30 11:00:00,107.7,66,133,431
5577150313,2016-04-30 12:00:00,79.9,56,138,426
5577150313,2016-04-30 13:00:00,91.2,62,116,420
5577150313,2016-04-30 14:00:00,89.1,59,121,413
5577150313,2016-04-30 15:00:00,68.7,58,118,380
5577150313,2016-04-30 16:00:00,57.6,53,65,345
5577150313,2016-04-30 17:00:00,69.6,54,125,366
5577150313,2016-04-30 18:00:00,113.9,84,129,490
5577150313,2016-04-30 19:00:00,94.5,54,129,451
5577150313,2016-04-30 20:00:00,62.9,50,117,379
5577150313,2016-04-30 21:00:00,66.4,52,105,377
5577150313,2016-04-30 22:00:00,58.5,51,113,329
5577150313,2016-04-30 23:00:00,57.8,51,76,346
5577150313,2016-05-01 00:00:00,56.9,52,62,321
5577150313,2016-05-01 01:00:00,54.3,50,66,309
5577150313,2016-05-01 02:00:00,54.4,49,67,327
5577150313,2016-05-01 03:00:00,54.1,46,72,331
5577150313,2016-05-01 04:00:00,52.1,47,62,333
5577150313,2016-05-01 05:00:00,54.1,45,67,305
5577150313,2016-05-01 06:00:00,62.2,50,108,372
5577150313,2016-05-01 07:00:00,58.2,53,65,372
5577150313,2016-05-01 08:00:00,90.5,56,124,446
5577150313,2016-05-01 09:00:00,91.4,66,115,426
5577150313,2016-05-01 10:00:00,109.6,82,125,422
5577150313,2016-05-01 11:00:00,103.4,72,122,437
5577150313,2016-05-01 12:00:00,77.3,57,126,380
5577150313,2016-05-01 13:00:00,71.0,56,109,398
5577150313,2016-05-01 14:00:00,72.6,56,102,437
5577150313,2016-05-01 15:00:00,71.4,60,100,388
5577150313,2016-05-01 16:00:00,88.1,56,116,444
5577150313,2016-05-01 17:00:00,68.0,57,104,392
5577150313,2016-05-01 18:00:00,94.9,57,130,424
5577150313,2016-05-01 19:00:00,107.7,60,140,315
5577150313,2016-05-01 20:00:00,64.1,54,102,346
5577150313,2016-05-01 21:00:00,63.8,54,89,347
5577150313,2016-05-01 22:00:00,54.9,44,63,327
5577150313,2016-05-01 23:00:00,56.7,50,66,324
5577150313,2016-05-02 00:00:00,52.7,48,57,324
5577150313,2016-05-02 01:00:00,51.3,44,62,349
5577150313,2016-05-02 02:00:00,52.1,45,80,339
5577150313,2016-05-02 03:00:00,48.8,43,54,276
5577150313,2016-05-02 04:00:00,46.6,43,52,322
5577150313,2016-05-02 05:00:00,48.3,43,77,337
5577150313,2016-05-02 06:00:00,97.0,47,128,462
5577150313,2016-05-02 07:00:00,81.0,55,124,422
5577150313,2016-05-02 08:00:00,64.7,54,108,383
5577150313,2016-05-02 09:00:00,67.2,56,94,323
5577150313,2016-05-02 10:00:00,76.6,55,114,323
5577150313,2016-05-02 11:00:00,70.3,59,83,205
5577150313,2016-05-02 12:00:00,63.6,59,83,36
5577150313,2016-05-02 23:00:00,98.8,66,113,19
5577150313,2016-05-03 00:00:00,77.9,61,117,402
5577150313,2016-05-03 01:00:00,86.1,51,122,426
5577150313,2016-05-03 02:00:00,83.7,66,114,372
5577150313,2016-05-03 03:00:00,65.7,42,102,355
5577150313,2016-05-03 04:00:00,73.2,56,114,438
5577150313,2016-05-03 05:00:00,75.9,57,107,415
5577150313,2016-05-03 06:00:00,71.4,57,97,377
5577150313,2016-05-03 07:00:00,77.3,56,117,383
5577150313,2016-05-03 08:00:00,71.8,56,111,336
5577150313,2016-05-03 09:00:00,78.7,55,126,391
5577150313,2016-05-03 10:00:00,111.2,69,154,441
5577150313,2016-05-03 11:00:00,66.2,52,85,362
5577150313,2016-05-03 12:00:00,55.5,51,66,335
5577150313,2016-05-03 13:00:00,54.8,49,65,318
5577150313,2016-05-03 14:00:00,53.0,48,61,339
5577150313,2016-05-03 15:00:00,54.7,44,70,335
5577150313,2016-05-03 16:00:00,52.7,49,60,323
5577150313,2016-05-03 17:00:00,52.1,47,61,345
5577150313,2016-05-03 18:00:00,52.4,47,69,325
5577150313,2016-05-03 19:00:00,48.4,45,57,335
5577150313,2016-05-03 20:00:00,50.5,43,61,338
5577150313,2016-05-03 21:00:00,69.0,44,123,368
5577150313,2016-05-03 22:00:00,96.7,66,127,270
5577150313,2016-05-03 23:00:00,79.4,60,92,361
5577150313,2016-05-04 00:00:00,75.7,56,102,377
5577150313,2016-05-04 01:00:00,59.7,41,69,344
5577150313,2016-05-04 02:00:00,64.6,36,103,368
5577150313,2016-05-04 03:00:00,65.6,55,85,357
5577150313,2016-05-04 04:00:00,69.7,53,119,379
5577150313,2016-05-04 05:00:00,64.3,54,106,369
5577150313,2016-05-04 06:00:00,66.2,53,107,379
5577150313,2016-05-04 07:00:00,64.9,38,116,355
5577150313,2016-05-04 08:00:00,69.9,55,117,420
5577150313,2016-05-04 09:00:00,74.3,50,143,437
5577150313,2016-05-04 10:00:00,72.4,45,118,330
5577150313,2016-05-04 11:00:00,55.7,53,68,327
5577150313,2016-05-04 12:00:00,53.8,49,75,317
5577150313,2016-05-04 13:00:00,54.7,48,64,341
5577150313,2016-05-04 14:00:00,53.6,48,65,328
5577150313,2016-05-04 15:00:00,55.9,51,68,324
5577150313,2016-05-04 16:00:00,53.8,49,66,330
5577150313,2016-05-04 17:00:00,50.6,45,65,319
5577150313,2016-05-04 18:00:00,48.1,39,71,321
5577150313,2016-05-04 19:00:00,47.9,44,57,335
5577150313,2016-05-04 20:00:00,48.9,44,63,328
5577150313,2016-05-04 21:00:00,60.1,45,114,252
5577150313,2016-05-04 22:00:00,86.0,58,120,204
5577150313,2016-05-04 23:00:00,73.7,62,83,354
5577150313,2016-05-05 00:00:00,75.0,57,104,350
5577150313,2016-05-05 09:00:00,62.9,58,69,29
5577150313,2016-05-05 10:00:00,65.3,53,130,367
5577150313,2016-05-05 11:00:00,69.2,52,115,403
5577150313,2016-05-05 12:00:00,85.5,59,118,411
5577150313,2016-05-05 13:00:00,59.0,53,69,342
5577150313,2016-05-05 14:00:00,72.0,53,135,394
5577150313,2016-05-05 15:00:00,61.4,52,84,357
5577150313,2016-05-05 16:00:00,62.9,54,80,349
5577150313,2016-05-05 17:00:00,73.5,53,141,369
5577150313,2016-05-05 18:00:00,59.7,50,94,347
5577150313,2016-05-05 19:00:00,81.5,51,130,424
5577150313,2016-05-05 20:00:00,79.2,62,118,397
5577150313,2016-05-05 21:00:00,88.4,55,122,395
5577150313,2016-05-06 06:00:00,100.7,70,112,10
5577150313,2016-05-06 07:00:00,89.1,58,130,450
5577150313,2016-05-06 08:00:00,73.6,54,119,415
5577150313,2016-05-06 09:00:00,57.9,51,69,347
5577150313,2016-05-06 10:00:00,72.9,53,134,390
5577150313,2016-05-06 11:00:00,83.6,64,124,413
5577150313,2016-05-06 12:00:00,77.4,56,119,418
5577150313,2016-05-06 13:00:00,61.2,50,79,356
5577150313,2016-05-06 14:00:00,59.1,52,90,359
5577150313,2016-05-06 15:00:00,56.1,48,64,337
5577150313,2016-05-06 16:00:00,58.2,49,95,219
5577150313,2016-05-09 11:00:00,78.5,71,102,22
5577150313,2016-05-09 12:00:00,78.2,56,130,411
5577150313,2016-05-09 13:00:00,67.2,56,88,384
5577150313,2016-05-09 14:00:00,80.5,52,109,400
5577150313,2016-05-09 15:00:00,69.7,56,113,371
5577150313,2016-05-09 16:00:00,65.0,53,91,344
5577150313,2016-05-09 17:00:00,66.3,57,91,375
5577150313,2016-05-09 18:00:00,67.0,55,101,357
5577150313,2016-05-09 19:00:00,84.3,58,123,378
5577150313,2016-05-09 20:00:00,61.8,54,110,340
5577150313,2016-05-09 21:00:00,58.9,53,81,339
5577150313,2016-05-09 22:00:00,54.8,51,64,312
5577150313,2016-05-09 23:00:00,55.0,51,69,340
5577150313,2016-05-10 00:00:00,55.4,50,66,317
5577150313,2016-05-10 01:00:00,54.1,51,58,320
5577150313,2016-05-10 02:00:00,53.3,47,69,327
5577150313,2016-05-10 03:00:00,50.4,46,54,316
5577150313,2016-05-10 04:00:00,47.2,44,58,327
5577150313,2016-05-10 05:00:00,50.8,42,82,346
5577150313,2016-05-10 06:00:00,97.7,64,131,464
5577150313,2016-05-10 07:00:00,73.0,58,121,371
5577150313,2016-05-10 08:00:00,84.0,53,120,390
5577150313,2016-05-10 09:00:00,78.1,57,113,421
5577150313,2016-05-10 10:00:00,67.0,56,108,381
5577150313,2016-05-10 11:00:00,93.7,57,172,419
5577150313,2016-05-10 12:00:00,72.4,63,86,348
5577150313,2016-05-10 13:00:00,69.3,49,108,379
5577150313,2016-05-10 14:00:00,90.6,58,131,1209
5577150313,2016-05-10 15:00:00,86.8,57,125,1410
5577150313,2016-05-10 16:00:00,75.5,55,107,1014
5577150313,2016-05-10 17:00:00,80.5,65,122,396
5577150313,2016-05-10 18:00:00,73.4,66,101,374
5577150313,2016-05-10 19:00:00,99.6,65,121,321
5577150313,2016-05-10 20:00:00,73.7,58,126,338
5577150313,2016-05-10 21:00:00,68.5,58,86,348
5577150313,2016-05-10 22:00:00,59.9,55,66,312
5577150313,2016-05-10 23:00:00,57.2,50,80,325
5577150313,2016-05-11 00:00:00,56.2,53,72,330
5577150313,2016-05-11 01:00:00,57.2,51,81,338
5577150313,2016-05-11 02:00:00,53.4,47,62,344
5577150313,2016-05-11 03:00:00,53.6,50,68,321
5577150313,2016-05-11 04:00:00,51.7,45,77,331
5577150313,2016-05-11 05:00:00,50.1,46,78,339
5577150313,2016-05-11 06:00:00,99.9,59,135,466
5577150313,2016-05-11 07:00:00,72.6,60,107,409
5577150313,2016-05-11 08:00:00,66.8,51,94,396
5577150313,2016-05-11 09:00:00,69.4,60,124,396
5577150313,2016-05-11 10:00:00,64.0,51,121,374
5577150313,2016-05-11 11:00:00,90.7,55,173,400
5577150313,2016-05-11 12:00:00,65.2,62,73,30
6117666160,2016-04-15 11:00:00,104.3,86,137,262
6117666160,2016-04-15 12:00:00,100.1,82,123,518
6117666160,2016-04-15 13:00:00,93.9,78,112,465
6117666160,2016-04-15 14:00:00,100.3,85,126,419
6117666160,2016-04-15 15:00:00,99.5,83,119,434
6117666160,2016-04-15 16:00:00,102.4,70,134,467
6117666160,2016-04-15 17:00:00,104.6,89,120,444
6117666160,2016-04-15 18:00:00,98.6,85,119,447
6117666160,2016-04-15 19:00:00,99.4,76,121,451
6117666160,2016-04-15 20:00:00,103.6,81,123,509
6117666160,2016-04-15 21:00:00,93.8,77,113,416
6117666160,2016-04-15 22:00:00,82.6,70,101,235
6117666160,2016-04-15 23:00:00,81.8,57,125,376
6117666160,2016-04-16 00:00:00,83.1,68,108,373
6117666160,2016-04-16 01:00:00,81.1,69,95,299
6117666160,2016-04-16 02:00:00,83.4,75,97,336
6117666160,2016-04-16 03:00:00,76.2,64,103,355
6117666160,2016-04-16 04:00:00,71.8,62,91,343
6117666160,2016-04-16 05:00:00,67.2,57,92,348
6117666160,2016-04-16 06:00:00,63.3,54,100,309
6117666160,2016-04-16 07:00:00,74.1,56,113,391
6117666160,2016-04-16 08:00:00,97.7,78,124,483
6117666160,2016-04-16 09:00:00,90.9,73,110,485
6117666160,2016-04-16 10:00:00,96.4,80,115,521
6117666160,2016-04-16 11:00:00,91.1,77,114,483
6117666160,2016-04-16 12:00:00,94.8,78,110,498
6117666160,2016-04-16 13:00:00,92.9,79,110,472
6117666160,2016-04-16 14:00:00,87.4,68,109,402
6117666160,2016-04-16 15:00:00,94.5,81,109,466
6117666160,2016-04-16 16:00:00,91.7,69,114,401
6117666160,2016-04-16 17:00:00,91.1,70,110,411
6117666160,2016-04-16 18:00:00,87.2,70,118,436
6117666160,2016-04-16 19:00:00,83.0,70,101,411
6117666160,2016-04-16 20:00:00,99.1,78,155,389
6117666160,2016-04-16 21:00:00,77.6,72,87,312
6117666160,2016-04-16 22:00:00,96.8,72,128,379
6117666160,2016-04-16 23:00:00,90.1,74,111,385
6117666160,2016-04-17 00:00:00,90.2,79,105,361
6117666160,2016-04-17 01:00:00,91.8,63,121,401
6117666160,2016-04-17 02:00:00,83.3,68,96,403
6117666160,2016-04-17 03:00:00,78.8,64,101,373
6117666160,2016-04-17 04:00:00,82.2,66,93,337
6117666160,2016-04-17 05:00:00,87.0,77,119,346
6117666160,2016-04-17 06:00:00,88.0,71,96,333
6117666160,2016-04-17 07:00:00,83.8,68,114,348
6117666160,2016-04-17 08:00:00,79.4,60,125,388
6117666160,2016-04-17 09:00:00,74.5,64,108,381
6117666160,2016-04-17 10:00:00,74.3,61,88,368
6117666160,2016-04-17 11:00:00,84.2,68,102,392
6117666160,2016-04-17 12:00:00,90.5,59,114,326
6117666160,2016-04-17 13:00:00,98.7,80,130,459
6117666160,2016-04-17 14:00:00,93.1,85,103,284
6117666160,2016-04-17 15:00:00,93.6,78,109,203
6117666160,2016-04-17 16:00:00,71.0,63,81,107
6117666160,2016-04-17 18:00:00,74.4,63,95,14
6117666160,2016-04-18 13:00:00,96.8,70,116,276
6117666160,2016-04-18 14:00:00,88.4,70,105,315
6117666160,2016-04-18 15:00:00,83.6,73,108,397
6117666160,2016-04-18 16:00:00,85.3,70,100,395
6117666160,2016-04-18 17:00:00,84.8,66,114,431
6117666160,2016-04-18 18:00:00,81.1,66,108,400
6117666160,2016-04-18 19:00:00,85.2,62,105,448
6117666160,2016-04-18 20:00:00,78.9,62,115,346
6117666160,2016-04-18 21:00:00,73.4,61,82,354
6117666160,2016-04-18 22:00:00,77.5,63,104,381
6117666160,2016-04-18 23:00:00,80.1,62,115,382
6117666160,2016-04-19 00:00:00,75.2,67,97,325
6117666160,2016-04-19 01:00:00,75.7,64,85,329
6117666160,2016-04-19 02:00:00,68.3,61,79,345
6117666160,2016-04-19 03:00:00,67.7,59,93,332
6117666160,2016-04-19 04:00:00,61.8,53,75,355
6117666160,2016-04-19 05:00:00,60.7,53,91,349
6117666160,2016-04-19 06:00:00,59.8,53,87,341
6117666160,2016-04-19 07:00:00,62.4,54,121,358
6117666160,2016-04-19 08:00:00,88.9,54,113,372
6117666160,2016-04-19 09:00:00,83.1,62,119,376
6117666160,2016-04-19 10:00:00,95.5,70,117,418
6117666160,2016-04-19 11:00:00,87.8,66,115,423
6117666160,2016-04-19 12:00:00,84.7,65,112,351
6117666160,2016-04-19 13:00:00,92.8,76,109,379
6117666160,2016-04-19 14:00:00,91.3,65,110,426
6117666160,2016-04-19 15:00:00,97.7,82,116,426
6117666160,2016-04-19 16:00:00,98.1,70,119,426
6117666160,2016-04-19 17:00:00,98.7,79,124,463
6117666160,2016-04-19 18:00:00,93.4,68,118,423
6117666160,2016-04-19 19:00:00,95.5,78,116,457
6117666160,2016-04-19 20:00:00,94.3,66,117,416
6117666160,2016-04-19 21:00:00,83.4,64,116,379
6117666160,2016-04-19 22:00:00,80.6,62,101,372
6117666160,2016-04-19 23:00:00,79.9,65,116,328
6117666160,2016-04-20 00:00:00,82.6,69,97,308
6117666160,2016-04-20 01:00:00,83.7,66,99,306
6117666160,2016-04-20 02:00:00,68.2,56,87,341
6117666160,2016-04-20 03:00:00,68.3,59,87,346
6117666160,2016-04-20 04:00:00,61.6,52,84,351
6117666160,2016-04-20 05:00:00,65.1,55,80,350
6117666160,2016-04-20 06:00:00,61.9,52,84,353
6117666160,2016-04-20 07:00:00,72.6,55,101,391
6117666160,2016-04-20 08:00:00,82.1,68,123,398
6117666160,2016-04-20 09:00:00,85.8,69,105,422
6117666160,2016-04-20 10:00:00,90.8,75,110,417
6117666160,2016-04-20 11:00:00,86.7,72,107,402
6117666160,2016-04-20 12:00:00,89.7,76,106,421
6117666160,2016-04-20 13:00:00,90.2,78,105,395
6117666160,2016-04-20 14:00:00,91.2,71,112,424
6117666160,2016-04-20 15:00:00,106.1,75,181,465
6117666160,2016-04-20 16:00:00,119.5,82,180,462
6117666160,2016-04-20 17:00:00,94.0,80,115,406
6117666160,2016-04-20 18:00:00,99.0,70,115,340
6117666160,2016-04-20 19:00:00,96.0,81,113,400
6117666160,2016-04-20 20:00:00,93.5,79,114,380
6117666160,2016-04-20 21:00:00,84.5,73,98,352
6117666160,2016-04-20 22:00:00,78.2,71,89,358
6117666160,2016-04-20 23:00:00,78.3,62,97,394
6117666160,2016-04-21 00:00:00,74.1,64,88,337
6117666160,2016-04-21 01:00:00,67.8,57,82,345
6117666160,2016-04-21 02:00:00,62.3,55,76,337
6117666160,2016-04-21 03:00:00,60.8,53,110,358
6117666160,2016-04-21 04:00:00,65.1,56,92,350
6117666160,2016-04-21 05:00:00,61.7,52,80,340
6117666160,2016-04-21 06:00:00,63.3,54,89,336
6117666160,2016-04-21 07:00:00,63.5,54,84,344
6117666160,2016-04-21 08:00:00,65.5,55,83,346
6117666160,2016-04-21 09:00:00,81.7,66,103,411
6117666160,2016-04-21 10:00:00,103.0,64,154,467
6117666160,2016-04-21 11:00:00,85.8,65,99,320
6117666160,2016-04-21 12:00:00,95.2,77,132,426
6117666160,2016-04-21 13:00:00,93.2,76,116,463
6117666160,2016-04-21 14:00:00,92.1,60,118,445
6117666160,2016-04-21 15:00:00,89.5,62,113,463
6117666160,2016-04-21 16:00:00,88.3,75,116,212
6117666160,2016-04-21 17:00:00,86.0,65,104,228
6117666160,2016-04-21 21:00:00,88.1,74,109,102
6117666160,2016-04-21 22:00:00,84.0,69,98,392
6117666160,2016-04-21 23:00:00,83.1,69,97,394
6117666160,2016-04-22 00:00:00,93.4,84,108,364
6117666160,2016-04-22 01:00:00,93.5,76,109,336
6117666160,2016-04-22 02:00:00,76.3,71,97,303
6117666160,2016-04-22 03:00:00,73.8,61,94,340
6117666160,2016-04-22 04:00:00,72.5,65,86,340
6117666160,2016-04-22 05:00:00,65.2,56,88,349
6117666160,2016-04-22 06:00:00,62.2,53,92,346
6117666160,2016-04-22 07:00:00,68.6,56,100,351
6117666160,2016-04-22 08:00:00,63.1,55,90,354
6117666160,2016-04-22 09:00:00,72.7,56,101,370
6117666160,2016-04-22 10:00:00,85.3,70,100,415
6117666160,2016-04-22 11:00:00,85.9,72,105,366
6117666160,2016-04-22 12:00:00,91.2,69,123,278
6117666160,2016-04-22 13:00:00,86.2,67,113,421
6117666160,2016-04-22 14:00:00,82.3,69,108,406
6117666160,2016-04-22 15:00:00,87.4,70,108,418
6117666160,2016-04-22 16:00:00,87.7,72,107,392
6117666160,2016-04-22 17:00:00,90.9,68,139,430
6117666160,2016-04-22 18:00:00,89.2,61,111,433
6117666160,2016-04-22 19:00:00,95.3,81,113,414
6117666160,2016-04-22 20:00:00,94.2,77,113,437
6117666160,2016-04-22 21:00:00,83.2,64,100,409
6117666160,2016-04-22 22:00:00,76.7,61,108,391
6117666160,2016-04-22 23:00:00,72.6,64,95,349
6117666160,2016-04-23 00:00:00,70.2,61,78,311
6117666160,2016-04-23 01:00:00,71.4,62,87,332
6117666160,2016-04-23 02:00:00,68.3,57,95,373
6117666160,2016-04-23 03:00:00,62.7,55,87,327
6117666160,2016-04-23 04:00:00,62.0,54,76,330
6117666160,2016-04-23 05:00:00,63.7,55,71,348
6117666160,2016-04-23 06:00:00,61.6,55,94,330
6117666160,2016-04-23 07:00:00,68.1,55,102,365
6117666160,2016-04-23 08:00:00,82.7,64,107,400
6117666160,2016-04-23 09:00:00,90.0,77,112,425
6117666160,2016-04-23 10:00:00,88.1,75,108,447
6117666160,2016-04-23 11:00:00,90.8,79,113,458
6117666160,2016-04-23 12:00:00,92.0,77,108,431
6117666160,2016-04-23 13:00:00,90.3,75,116,420
6117666160,2016-04-23 14:00:00,88.7,62,108,436
6117666160,2016-04-23 15:00:00,90.7,65,121,451
6117666160,2016-04-23 16:00:00,91.2,70,114,444
6117666160,2016-04-23 17:00:00,88.7,62,111,479
6117666160,2016-04-23 18:00:00,89.9,69,111,432
6117666160,2016-04-23 19:00:00,85.9,72,105,379
6117666160,2016-04-23 20:00:00,88.0,57,118,410
6117666160,2016-04-23 21:00:00,81.3,72,95,371
6117666160,2016-04-23 22:00:00,80.8,67,92,360
6117666160,2016-04-23 23:00:00,88.3,69,119,391
6117666160,2016-04-24 00:00:00,84.9,69,129,407
6117666160,2016-04-24 01:00:00,84.1,69,118,392
6117666160,2016-04-24 02:00:00,79.8,66,92,346
6117666160,2016-04-24 03:00:00,78.0,68,96,340
6117666160,2016-04-24 04:00:00,75.0,59,89,331
6117666160,2016-04-24 05:00:00,69.7,59,78,327
6117666160,2016-04-24 06:00:00,71.2,56,95,335
6117666160,2016-04-24 07:00:00,75.1,55,95,353
6117666160,2016-04-24 08:00:00,83.5,57,115,389
6117666160,2016-04-24 09:00:00,93.3,78,115,418
6117666160,2016-04-24 10:00:00,99.1,83,115,442
6117666160,2016-04-24 11:00:00,86.7,60,102,396
6117666160,2016-04-24 12:00:00,93.4,73,110,438
6117666160,2016-04-24 13:00:00,93.8,78,111,323
6117666160,2016-04-24 14:00:00,90.5,87,97,57
6117666160,2016-04-24 15:00:00,96.7,88,100,27
6117666160,2016-04-24 18:00:00,70.0,70,70,4
6117666160,2016-04-24 19:00:00,70.0,70,70,6
6117666160,2016-04-26 07:00:00,94.9,70,122,21
6117666160,2016-04-26 08:00:00,86.9,71,107,414
6117666160,2016-04-26 09:00:00,81.2,66,111,358
6117666160,2016-04-26 10:00:00,76.7,60,87,326
6117666160,2016-04-26 11:00:00,87.5,69,112,355
6117666160,2016-04-26 12:00:00,95.9,77,116,460
6117666160,2016-04-26 13:00:00,92.9,67,112,433
6117666160,2016-04-26 14:00:00,89.7,67,106,374
6117666160,2016-04-26 15:00:00,97.8,72,124,405
6117666160,2016-04-26 16:00:00,101.8,69,136,400
6117666160,2016-04-26 17:00:00,98.6,81,120,460
6117666160,2016-04-26 18:00:00,98.4,83,115,446
6117666160,2016-04-26 19:00:00,96.7,84,114,402
6117666160,2016-04-26 20:00:00,96.1,71,117,421
6117666160,2016-04-26 21:00:00,79.2,70,103,354
6117666160,2016-04-26 22:00:00,80.3,68,102,364
6117666160,2016-04-26 23:00:00,79.1,61,113,379
6117666160,2016-04-27 00:00:00,69.3,58,86,346
6117666160,2016-04-27 01:00:00,69.5,59,81,354
6117666160,2016-04-27 02:00:00,63.5,55,87,352
6117666160,2016-04-27 03:00:00,64.1,56,83,328
6117666160,2016-04-27 04:00:00,60.9,54,71,354
6117666160,2016-04-27 05:00:00,62.1,52,90,354
6117666160,2016-04-27 06:00:00,67.8,58,87,356
6117666160,2016-04-27 07:00:00,63.8,53,94,352
6117666160,2016-04-27 08:00:00,71.5,58,93,361
6117666160,2016-04-27 09:00:00,82.5,59,110,387
6117666160,2016-04-27 10:00:00,79.0,65,91,334
6117666160,2016-04-27 11:00:00,90.3,76,115,410
6117666160,2016-04-27 12:00:00,100.8,89,119,294
6117666160,2016-04-27 13:00:00,98.3,82,121,460
6117666160,2016-04-27 14:00:00,94.7,79,116,431
6117666160,2016-04-27 15:00:00,92.3,60,115,476
6117666160,2016-04-27 16:00:00,91.2,66,120,416
6117666160,2016-04-27 17:00:00,98.2,79,121,421
6117666160,2016-04-27 18:00:00,101.5,85,126,409
6117666160,2016-04-27 19:00:00,94.6,78,121,421
6117666160,2016-04-27 20:00:00,95.8,80,111,433
6117666160,2016-04-27 21:00:00,90.9,73,119,386
6117666160,2016-04-27 22:00:00,84.7,62,113,368
6117666160,2016-04-27 23:00:00,85.2,69,108,369
6117666160,2016-04-28 00:00:00,82.2,66,94,328
6117666160,2016-04-28 01:00:00,77.2,63,89,335
6117666160,2016-04-28 02:00:00,68.7,61,84,338
6117666160,2016-04-28 03:00:00,65.8,57,106,359
6117666160,2016-04-28 04:00:00,64.7,55,82,326
6117666160,2016-04-28 05:00:00,61.9,54,99,337
6117666160,2016-04-28 06:00:00,63.9,55,83,356
6117666160,2016-04-28 07:00:00,71.1,62,86,361
6117666160,2016-04-28 08:00:00,77.3,63,111,387
6117666160,2016-04-28 09:00:00,79.7,70,110,337
6117666160,2016-04-28 10:00:00,93.8,72,112,416
6117666160,2016-04-28 11:00:00,78.6,59,100,261
6117666160,2016-04-28 12:00:00,84.4,75,94,349
6117666160,2016-04-28 13:00:00,85.1,72,99,383
6117666160,2016-04-28 14:00:00,85.3,79,91,358
6117666160,2016-04-28 15:00:00,86.3,78,108,355
6117666160,2016-04-28 16:00:00,92.9,66,145,411
6117666160,2016-04-28 17:00:00,95.7,70,126,429
6117666160,2016-04-28 18:00:00,82.2,64,100,369
6117666160,2016-04-28 19:00:00,87.4,69,103,383
6117666160,2016-04-28 20:00:00,90.1,79,100,80
6117666160,2016-04-28 21:00:00,83.8,70,116,104
6117666160,2016-04-28 22:00:00,79.1,69,95,332
6117666160,2016-04-28 23:00:00,84.3,76,100,350
6117666160,2016-04-29 00:00:00,74.0,68,82,349
6117666160,2016-04-29 01:00:00,78.0,70,87,353
6117666160,2016-04-29 02:00:00,69.6,60,81,326
6117666160,2016-04-29 03:00:00,64.8,56,78,343
6117666160,2016-04-29 04:00:00,66.2,57,79,350
6117666160,2016-04-29 05:00:00,65.9,56,94,345
6117666160,2016-04-29 06:00:00,62.1,55,89,353
6117666160,2016-04-29 07:00:00,63.5,55,89,350
6117666160,2016-04-29 08:00:00,75.6,56,103,379
6117666160,2016-04-29 09:00:00,79.8,64,95,294
6117666160,2016-04-29 10:00:00,86.7,64,115,343
6117666160,2016-04-29 11:00:00,93.2,66,115,369
6117666160,2016-04-29 12:00:00,97.4,78,119,443
6117666160,2016-04-29 13:00:00,94.1,64,116,442
6117666160,2016-04-29 14:00:00,91.2,74,115,457
6117666160,2016-04-29 15:00:00,90.4,71,108,436
6117666160,2016-04-29 16:00:00,89.8,63,114,420
6117666160,2016-04-29 17:00:00,93.0,73,117,441
6117666160,2016-04-29 18:00:00,90.7,70,110,412
6117666160,2016-04-29 19:00:00,90.8,74,109,448
6117666160,2016-04-29 20:00:00,90.5,69,121,402
6117666160,2016-04-29 21:00:00,77.8,67,100,374
6117666160,2016-04-29 22:00:00,80.9,65,98,386
6117666160,2016-04-29 23:00:00,83.1,74,97,365
6117666160,2016-04-30 00:00:00,92.8,70,110,147
6117666160,2016-04-30 05:00:00,70.0,70,70,18
6117666160,2016-04-30 09:00:00,74.6,70,79,45
6117666160,2016-04-30 10:00:00,86.2,66,107,270
6117666160,2016-04-30 11:00:00,81.5,63,106,390
6117666160,2016-04-30 12:00:00,84.1,70,100,428
6117666160,2016-04-30 13:00:00,87.5,76,108,426
6117666160,2016-04-30 14:00:00,86.4,75,104,402
6117666160,2016-04-30 15:00:00,90.2,75,126,404
6117666160,2016-04-30 16:00:00,86.2,66,103,404
6117666160,2016-04-30 17:00:00,88.3,66,105,416
6117666160,2016-04-30 18:00:00,85.1,53,102,392
6117666160,2016-04-30 19:00:00,88.4,58,111,402
6117666160,2016-04-30 20:00:00,89.1,72,109,419
6117666160,2016-04-30 21:00:00,93.0,56,189,373
6117666160,2016-04-30 22:00:00,78.7,63,117,394
6117666160,2016-04-30 23:00:00,67.2,58,86,353
6117666160,2016-05-01 00:00:00,81.5,62,98,344
6117666160,2016-05-01 01:00:00,74.3,62,86,342
6117666160,2016-05-01 02:00:00,78.8,60,114,394
6117666160,2016-05-01 03:00:00,70.3,55,79,346
6117666160,2016-05-01 04:00:00,70.8,60,82,316
6117666160,2016-05-01 05:00:00,68.4,60,91,293
6117666160,2016-05-01 06:00:00,68.9,59,88,344
6117666160,2016-05-01 07:00:00,67.0,56,86,348
6117666160,2016-05-01 08:00:00,69.7,55,84,358
6117666160,2016-05-01 09:00:00,81.2,61,108,411
6117666160,2016-05-01 10:00:00,84.8,67,112,437
6117666160,2016-05-01 11:00:00,88.2,74,109,428
6117666160,2016-05-01 12:00:00,86.4,75,101,324
6117666160,2016-05-01 13:00:00,91.4,80,105,189
6117666160,2016-05-01 14:00:00,89.3,86,97,53
6117666160,2016-05-01 15:00:00,84.9,79,94,19
6117666160,2016-05-02 03:00:00,86.9,61,113,198
6117666160,2016-05-02 04:00:00,88.0,69,123,447
6117666160,2016-05-02 05:00:00,92.8,75,110,420
6117666160,2016-05-02 06:00:00,88.2,69,112,447
6117666160,2016-05-02 07:00:00,93.0,68,114,420
6117666160,2016-05-02 08:00:00,97.0,75,114,435
6117666160,2016-05-02 09:00:00,96.4,72,112,162
6117666160,2016-05-04 18:00:00,102.5,76,115,312
6117666160,2016-05-04 19:00:00,105.7,78,122,433
6117666160,2016-05-04 20:00:00,94.4,68,124,421
6117666160,2016-05-04 21:00:00,87.4,64,111,383
6117666160,2016-05-04 22:00:00,84.8,69,106,340
6117666160,2016-05-04 23:00:00,81.7,62,110,381
6117666160,2016-05-05 00:00:00,83.2,67,92,344
6117666160,2016-05-05 01:00:00,72.5,64,88,338
6117666160,2016-05-05 02:00:00,67.6,57,85,339
6117666160,2016-05-05 03:00:00,64.8,55,98,349
6117666160,2016-05-05 04:00:00,59.1,53,83,347
6117666160,2016-05-05 05:00:00,60.1,53,106,347
6117666160,2016-05-05 06:00:00,62.6,52,85,353
6117666160,2016-05-05 07:00:00,82.3,55,118,417
6117666160,2016-05-05 08:00:00,82.4,66,109,371
6117666160,2016-05-05 09:00:00,95.4,78,113,451
6117666160,2016-05-05 10:00:00,92.4,62,114,457
6117666160,2016-05-05 11:00:00,98.2,83,116,421
6117666160,2016-05-05 12:00:00,91.5,63,117,421
6117666160,2016-05-05 13:00:00,90.4,63,113,429
6117666160,2016-05-05 14:00:00,91.8,70,116,416
6117666160,2016-05-05 15:00:00,95.3,72,114,419
6117666160,2016-05-05 16:00:00,98.6,81,116,406
6117666160,2016-05-05 17:00:00,93.4,68,111,394
6117666160,2016-05-05 18:00:00,91.2,73,120,431
6117666160,2016-05-05 19:00:00,92.6,81,108,426
6117666160,2016-05-05 20:00:00,90.3,78,103,434
6117666160,2016-05-05 21:00:00,81.7,72,94,366
6117666160,2016-05-05 22:00:00,90.7,67,116,416
6117666160,2016-05-05 23:00:00,81.0,65,91,321
6117666160,2016-05-06 00:00:00,79.0,63,99,309
6117666160,2016-05-06 01:00:00,71.9,55,85,339
6117666160,2016-05-06 02:00:00,66.9,58,86,301
6117666160,2016-05-06 03:00:00,64.3,57,76,123
6117666160,2016-05-06 04:00:00,61.6,58,66,54
6117666160,2016-05-06 05:00:00,61.5,54,82,130
6117666160,2016-05-06 13:00:00,78.0,65,84,26
6117666160,2016-05-06 18:00:00,90.8,74,126,347
6117666160,2016-05-06 19:00:00,85.4,69,110,394
6117666160,2016-05-06 20:00:00,78.5,62,91,372
6117666160,2016-05-06 21:00:00,79.5,64,91,393
6117666160,2016-05-06 22:00:00,75.6,62,92,342
6117666160,2016-05-06 23:00:00,71.1,63,81,353
6117666160,2016-05-07 00:00:00,78.6,61,106,424
6117666160,2016-05-07 01:00:00,67.2,56,80,346
6117666160,2016-05-07 02:00:00,73.5,60,91,350
6117666160,2016-05-07 03:00:00,72.9,56,92,347
6117666160,2016-05-07 04:00:00,68.6,59,83,327
6117666160,2016-05-07 05:00:00,64.6,54,95,350
6117666160,2016-05-07 06:00:00,65.9,55,104,348
6117666160,2016-05-07 07:00:00,68.9,56,108,366
6117666160,2016-05-07 08:00:00,87.2,71,105,434
6117666160,2016-05-07 09:00:00,88.2,75,108,436
6117666160,2016-05-07 10:00:00,92.7,65,112,423
6117666160,2016-05-07 11:00:00,100.4,76,117,416
6117666160,2016-05-07 12:00:00,94.7,67,114,375
6117666160,2016-05-07 13:00:00,100.0,79,122,400
6117666160,2016-05-07 14:00:00,104.0,85,121,414
6117666160,2016-05-07 15:00:00,93.9,81,108,386
6117666160,2016-05-07 16:00:00,88.7,65,107,386
6117666160,2016-05-07 17:00:00,91.6,68,118,400
6117666160,2016-05-07 18:00:00,82.2,66,122,365
6117666160,2016-05-07 19:00:00,82.1,63,99,374
6117666160,2016-05-07 20:00:00,85.5,74,93,331
6117666160,2016-05-07 21:00:00,89.8,71,126,353
6117666160,2016-05-07 22:00:00,82.5,76,90,347
6117666160,2016-05-07 23:00:00,73.7,61,97,346
6117666160,2016-05-08 00:00:00,76.2,64,98,375
6117666160,2016-05-08 01:00:00,73.1,52,86,326
6117666160,2016-05-08 02:00:00,66.6,58,84,340
6117666160,2016-05-08 03:00:00,66.8,55,83,338
6117666160,2016-05-08 04:00:00,67.7,55,93,343
6117666160,2016-05-08 05:00:00,64.6,55,86,349
6117666160,2016-05-08 06:00:00,64.6,55,92,343
6117666160,2016-05-08 07:00:00,66.6,57,93,349
6117666160,2016-05-08 08:00:00,70.8,57,86,337
6117666160,2016-05-08 09:00:00,88.7,64,118,415
6117666160,2016-05-08 10:00:00,91.2,79,108,414
6117666160,2016-05-08 11:00:00,89.2,70,106,400
6117666160,2016-05-08 12:00:00,87.7,72,103,409
6117666160,2016-05-08 13:00:00,87.1,65,105,401
6117666160,2016-05-08 14:00:00,81.7,57,101,367
6117666160,2016-05-08 15:00:00,92.4,77,113,445
6117666160,2016-05-08 16:00:00,86.3,57,116,422
6117666160,2016-05-08 17:00:00,93.0,63,114,477
6117666160,2016-05-08 18:00:00,94.4,68,111,485
6117666160,2016-05-08 19:00:00,75.8,63,95,378
6117666160,2016-05-08 20:00:00,80.5,67,94,356
6117666160,2016-05-08 21:00:00,87.6,74,106,352
6117666160,2016-05-08 22:00:00,91.1,67,115,418
6117666160,2016-05-08 23:00:00,80.1,71,94,334
6117666160,2016-05-09 00:00:00,74.2,63,100,339
6117666160,2016-05-09 01:00:00,67.9,57,79,310
6117666160,2016-05-09 02:00:00,63.2,54,103,354
6117666160,2016-05-09 03:00:00,62.5,54,85,359
6117666160,2016-05-09 04:00:00,64.7,58,102,350
6117666160,2016-05-09 05:00:00,61.0,52,102,346
6117666160,2016-05-09 06:00:00,64.2,54,82,335
6117666160,2016-05-09 07:00:00,77.2,53,105,410
6117666160,2016-05-09 08:00:00,83.4,70,104,410
6117666160,2016-05-09 09:00:00,89.7,75,108,427
6117666160,2016-05-09 10:00:00,88.1,67,106,455
6117666160,2016-05-09 11:00:00,88.4,75,100,432
6117666160,2016-05-09 12:00:00,94.1,66,113,423
6775888955,2016-04-13 02:00:00,76.9,63,106,122
6775888955,2016-04-13 03:00:00,66.1,56,90,323
6775888955,2016-04-13 04:00:00,69.6,58,135,351
6775888955,2016-04-13 05:00:00,66.6,57,82,349
6775888955,2016-04-13 06:00:00,65.2,55,102,345
6775888955,2016-04-13 07:00:00,77.7,59,119,382
6775888955,2016-04-13 08:00:00,96.2,64,130,380
6775888955,2016-04-13 09:00:00,77.4,67,90,361
6775888955,2016-04-13 10:00:00,85.5,73,101,83
6775888955,2016-04-13 16:00:00,70.0,70,70,8
6775888955,2016-04-13 18:00:00,70.0,70,70,2
6775888955,2016-04-13 19:00:00,100.4,89,116,131
6775888955,2016-04-13 20:00:00,96.7,83,132,400
6775888955,2016-04-13 21:00:00,88.9,79,104,361
6775888955,2016-04-13 22:00:00,99.9,82,124,394
6775888955,2016-04-13 23:00:00,93.6,72,116,379
6775888955,2016-04-14 00:00:00,76.4,69,89,348
6775888955,2016-04-14 01:00:00,75.1,67,96,332
6775888955,2016-04-14 02:00:00,73.2,62,102,352
6775888955,2016-04-14 03:00:00,69.3,59,92,343
6775888955,2016-04-14 04:00:00,69.2,60,90,344
6775888955,2016-04-14 05:00:00,65.5,58,75,346
6775888955,2016-04-14 06:00:00,65.3,57,98,357
6775888955,2016-04-14 07:00:00,75.2,57,121,379
6775888955,2016-04-14 08:00:00,86.1,61,134,431
6775888955,2016-04-14 09:00:00,72.5,61,105,381
6775888955,2016-04-14 10:00:00,75.9,62,119,387
6775888955,2016-04-14 11:00:00,71.7,60,87,342
6775888955,2016-04-14 12:00:00,93.3,67,118,259
6775888955,2016-04-14 20:00:00,111.3,70,126,318
6775888955,2016-04-14 21:00:00,93.9,77,126,412
6775888955,2016-04-14 22:00:00,86.8,69,108,373
6775888955,2016-04-14 23:00:00,88.3,78,120,395
6775888955,2016-04-15 00:00:00,81.6,73,97,352
6775888955,2016-04-15 01:00:00,82.4,67,94,316
6775888955,2016-04-15 02:00:00,76.9,68,87,353
6775888955,2016-04-15 03:00:00,73.3,66,91,347
6775888955,2016-04-15 04:00:00,73.4,66,92,347
6775888955,2016-04-15 05:00:00,72.8,66,80,351
6775888955,2016-04-15 06:00:00,72.5,62,100,345
6775888955,2016-04-15 07:00:00,96.2,69,122,384
6775888955,2016-04-15 08:00:00,94.6,69,126,372
6775888955,2016-04-15 09:00:00,79.5,68,116,245
6775888955,2016-04-15 12:00:00,79.3,70,103,27
6775888955,2016-04-15 13:00:00,75.0,70,80,8
6775888955,2016-04-15 14:00:00,70.0,70,70,2
6775888955,2016-04-15 16:00:00,94.7,70,107,6
6775888955,2016-04-16 18:00:00,108.2,91,126,393
6775888955,2016-04-16 19:00:00,110.2,93,143,188
6775888955,2016-04-16 20:00:00,113.0,113,113,4
6775888955,2016-04-16 21:00:00,70.0,70,70,2
6775888955,2016-04-16 23:00:00,70.0,70,70,2
6775888955,2016-04-17 01:00:00,70.0,70,70,4
6775888955,2016-04-17 06:00:00,70.0,70,70,2
6775888955,2016-04-17 07:00:00,70.0,70,70,2
6775888955,2016-04-17 08:00:00,103.7,89,118,386
6775888955,2016-04-17 09:00:00,98.8,90,108,75
6775888955,2016-04-18 09:00:00,85.2,76,114,54
6775888955,2016-04-18 10:00:00,81.8,66,118,407
6775888955,2016-04-18 11:00:00,106.9,72,132,436
6775888955,2016-04-18 12:00:00,104.1,85,130,456
6775888955,2016-04-18 13:00:00,99.2,80,122,469
6775888955,2016-04-18 14:00:00,95.6,81,116,504
6775888955,2016-04-18 15:00:00,100.0,83,117,205
6775888955,2016-04-18 16:00:00,78.7,70,83,6
6775888955,2016-04-18 20:00:00,83.0,83,83,6
6775888955,2016-04-18 22:00:00,159.7,151,177,6
6775888955,2016-04-19 00:00:00,116.9,70,177,16
6775888955,2016-04-19 01:00:00,70.0,70,70,4
6775888955,2016-04-19 06:00:00,72.7,66,76,6
6775888955,2016-04-20 06:00:00,118.0,108,134,136
6775888955,2016-04-20 07:00:00,103.2,70,140,420
6775888955,2016-04-20 08:00:00,99.2,73,137,394
6775888955,2016-04-20 09:00:00,106.7,74,140,230
6775888955,2016-04-20 10:00:00,108.8,85,121,192
6775888955,2016-04-20 11:00:00,110.9,84,128,419
6775888955,2016-04-20 12:00:00,102.4,81,124,386
6775888955,2016-04-20 13:00:00,104.4,81,126,412
6775888955,2016-04-20 14:00:00,99.9,86,123,453
6775888955,2016-04-20 15:00:00,110.0,89,155,406
6775888955,2016-04-20 16:00:00,110.2,85,130,433
6775888955,2016-04-20 17:00:00,103.1,72,117,372
6775888955,2016-04-20 18:00:00,108.5,89,126,136
6775888955,2016-04-22 07:00:00,110.9,103,123,23
6775888955,2016-04-22 08:00:00,89.4,66,116,317
6775888955,2016-04-24 11:00:00,111.6,98,121,150
6775888955,2016-04-24 12:00:00,113.0,113,113,4
6775888955,2016-04-24 16:00:00,84.3,70,113,6
6775888955,2016-04-24 17:00:00,70.0,70,70,4
6775888955,2016-04-24 18:00:00,110.0,94,140,183
6775888955,2016-04-25 09:00:00,118.7,107,131,141
6775888955,2016-04-25 10:00:00,93.8,73,124,405
6775888955,2016-04-25 11:00:00,88.8,71,117,437
6775888955,2016-04-25 12:00:00,96.6,70,124,509
6775888955,2016-04-25 13:00:00,94.3,70,127,266
6775888955,2016-04-25 15:00:00,70.0,70,70,2
6775888955,2016-04-25 18:00:00,70.0,70,70,2
6775888955,2016-04-25 21:00:00,64.5,58,70,43
6775888955,2016-04-26 05:00:00,116.5,94,143,264
6775888955,2016-04-26 06:00:00,117.6,87,143,295
6775888955,2016-04-26 07:00:00,87.0,87,87,2
6775888955,2016-04-26 08:00:00,103.3,75,131,380
6775888955,2016-04-26 09:00:00,92.2,72,124,74
6775888955,2016-04-26 10:00:00,71.1,70,74,20
6775888955,2016-04-26 11:00:00,64.6,60,75,74
6775888955,2016-04-26 12:00:00,72.3,56,92,300
6775888955,2016-04-26 13:00:00,65.4,61,70,58
6775888955,2016-04-26 17:00:00,66.0,66,66,2
6775888955,2016-04-26 18:00:00,115.0,66,133,75
6775888955,2016-04-26 19:00:00,116.0,107,134,107
6775888955,2016-04-28 02:00:00,70.0,70,70,2
6775888955,2016-04-28 07:00:00,70.0,70,70,4
6775888955,2016-04-28 08:00:00,70.0,70,70,2
6775888955,2016-04-28 13:00:00,113.2,70,134,42
6775888955,2016-04-28 14:00:00,106.3,75,133,245
6775888955,2016-04-28 16:00:00,70.0,70,70,8
6775888955,2016-04-28 18:00:00,70.0,70,70,4
6775888955,2016-04-28 20:00:00,76.0,76,76,2
6775888955,2016-04-29 06:00:00,89.0,89,89,2
6775888955,2016-04-29 08:00:00,70.0,70,70,2
6775888955,2016-04-29 14:00:00,71.2,71,72,5
6775888955,2016-04-29 16:00:00,88.0,70,109,10
6775888955,2016-04-30 06:00:00,70.0,70,70,2
6775888955,2016-04-30 09:00:00,70.0,70,70,10
6775888955,2016-04-30 16:00:00,70.0,70,70,8
6775888955,2016-04-30 19:00:00,110.7,70,125,246
6775888955,2016-04-30 20:00:00,91.9,84,106,329
6775888955,2016-04-30 21:00:00,100.1,89,117,403
6775888955,2016-04-30 22:00:00,91.0,68,117,387
6775888955,2016-04-30 23:00:00,93.0,82,115,426
6775888955,2016-05-01 00:00:00,99.7,78,126,207
6775888955,2016-05-01 01:00:00,78.0,70,94,12
6775888955,2016-05-01 09:00:00,70.0,70,70,4
6775888955,2016-05-01 10:00:00,70.0,70,70,2
6775888955,2016-05-01 12:00:00,105.7,70,125,329
6775888955,2016-05-01 13:00:00,119.3,112,129,116
6775888955,2016-05-01 16:00:00,105.3,70,129,174
6775888955,2016-05-01 17:00:00,113.3,89,127,241
6775888955,2016-05-06 18:00:00,99.7,71,132,396
6775888955,2016-05-06 19:00:00,99.2,85,121,350
6775888955,2016-05-06 20:00:00,105.3,84,135,385
6775888955,2016-05-06 21:00:00,100.2,80,129,400
6775888955,2016-05-06 22:00:00,95.8,80,114,400
6775888955,2016-05-06 23:00:00,93.1,73,128,399
6775888955,2016-05-07 00:00:00,111.1,100,118,83
6775888955,2016-05-07 07:00:00,101.9,70,117,205
6775888955,2016-05-07 08:00:00,97.1,83,118,433
6775888955,2016-05-07 09:00:00,83.7,74,92,358
6775888955,2016-05-07 10:00:00,84.2,76,94,48
6962181067,2016-04-12 00:00:00,73.0,66,88,316
6962181067,2016-04-12 01:00:00,71.1,67,96,310
6962181067,2016-04-12 02:00:00,70.1,60,78,309
6962181067,2016-04-12 03:00:00,67.9,64,82,304
6962181067,2016-04-12 04:00:00,64.0,60,70,307
6962181067,2016-04-12 05:00:00,66.6,60,85,317
6962181067,2016-04-12 06:00:00,68.0,61,86,330
6962181067,2016-04-12 07:00:00,77.7,65,98,414
6962181067,2016-04-12 08:00:00,74.1,59,96,370
6962181067,2016-04-12 09:00:00,106.4,65,134,1062
6962181067,2016-04-12 10:00:00,118.9,80,176,1057
6962181067,2016-04-12 11:00:00,82.0,70,102,394
6962181067,2016-04-12 12:00:00,75.2,68,91,380
6962181067,2016-04-12 13:00:00,75.5,67,97,351
6962181067,2016-04-12 14:00:00,75.6,68,89,350
6962181067,2016-04-12 15:00:00,76.1,67,98,340
6962181067,2016-04-12 16:00:00,78.2,65,110,379
6962181067,2016-04-12 17:00:00,84.0,65,106,399
6962181067,2016-04-12 18:00:00,91.8,73,111,402
6962181067,2016-04-12 19:00:00,94.7,47,122,442
6962181067,2016-04-12 20:00:00,100.0,100,100,3
6962181067,2016-04-12 22:00:00,74.7,64,115,294
6962181067,2016-04-12 23:00:00,80.0,71,99,366
6962181067,2016-04-13 00:00:00,77.4,72,94,313
6962181067,2016-04-13 01:00:00,79.3,73,106,325
6962181067,2016-04-13 02:00:00,82.7,74,95,316
6962181067,2016-04-13 03:00:00,84.4,76,95,316
6962181067,2016-04-13 04:00:00,77.5,70,101,330
6962181067,2016-04-13 05:00:00,74.3,69,86,329
6962181067,2016-04-13 06:00:00,72.2,67,90,328
6962181067,2016-04-13 07:00:00,73.0,67,97,322
6962181067,2016-04-13 08:00:00,78.0,67,100,360
6962181067,2016-04-13 09:00:00,78.2,72,98,343
6962181067,2016-04-13 10:00:00,73.6,67,87,334
6962181067,2016-04-13 11:00:00,72.0,68,97,320
6962181067,2016-04-13 12:00:00,81.3,73,96,374
6962181067,2016-04-13 13:00:00,92.0,77,116,107
6962181067,2016-04-13 14:00:00,81.7,70,133,182
6962181067,2016-04-13 15:00:00,90.7,73,112,462
6962181067,2016-04-13 16:00:00,82.9,73,98,427
6962181067,2016-04-13 17:00:00,92.9,65,120,483
6962181067,2016-04-13 18:00:00,92.3,71,149,458
6962181067,2016-04-13 19:00:00,77.9,68,93,343
6962181067,2016-04-13 20:00:00,83.9,59,106,423
6962181067,2016-04-13 21:00:00,76.5,69,94,368
6962181067,2016-04-13 22:00:00,81.5,70,103,388
6962181067,2016-04-13 23:00:00,68.4,61,84,315
6962181067,2016-04-14 00:00:00,66.0,63,73,303
6962181067,2016-04-14 01:00:00,69.5,64,88,320
6962181067,2016-04-14 02:00:00,68.6,64,83,296
6962181067,2016-04-14 03:00:00,66.2,62,83,303
6962181067,2016-04-14 04:00:00,66.0,63,81,320
6962181067,2016-04-14 05:00:00,66.2,60,101,332
6962181067,2016-04-14 06:00:00,67.6,63,93,314
6962181067,2016-04-14 07:00:00,66.6,61,90,320
6962181067,2016-04-14 08:00:00,74.2,62,100,365
6962181067,2016-04-14 09:00:00,75.7,61,104,397
6962181067,2016-04-14 10:00:00,73.6,66,87,309
6962181067,2016-04-14 11:00:00,71.7,62,91,357
6962181067,2016-04-14 12:00:00,77.0,63,98,384
6962181067,2016-04-14 13:00:00,71.7,64,86,354
6962181067,2016-04-14 14:00:00,69.0,60,87,344
6962181067,2016-04-14 15:00:00,71.1,60,93,374
6962181067,2016-04-14 16:00:00,63.4,55,76,351
6962181067,2016-04-14 17:00:00,68.5,58,131,216
6962181067,2016-04-14 18:00:00,69.8,60,84,347
6962181067,2016-04-14 19:00:00,70.5,65,80,358
6962181067,2016-04-14 20:00:00,74.1,63,95,375
6962181067,2016-04-14 21:00:00,69.8,62,83,354
6962181067,2016-04-14 22:00:00,74.8,63,109,364
6962181067,2016-04-14 23:00:00,66.2,62,76,332
6962181067,2016-04-15 00:00:00,65.5,59,91,335
6962181067,2016-04-15 01:00:00,62.9,59,68,298
6962181067,2016-04-15 02:00:00,62.5,59,74,314
6962181067,2016-04-15 03:00:00,60.9,57,74,308
6962181067,2016-04-15 04:00:00,61.4,57,67,304
6962181067,2016-04-15 05:00:00,60.4,57,86,292
6962181067,2016-04-15 06:00:00,62.7,54,93,321
6962181067,2016-04-15 07:00:00,86.5,67,113,442
6962181067,2016-04-15 08:00:00,84.6,62,107,426
6962181067,2016-04-15 09:00:00,92.6,66,115,476
6962181067,2016-04-15 10:00:00,69.4,57,79,372
6962181067,2016-04-15 11:00:00,81.3,60,107,449
6962181067,2016-04-15 12:00:00,78.6,68,101,383
6962181067,2016-04-15 13:00:00,71.8,60,84,352
6962181067,2016-04-15 14:00:00,72.3,62,91,364
6962181067,2016-04-15 15:00:00,68.0,57,81,349
6962181067,2016-04-15 16:00:00,67.3,62,73,315
6962181067,2016-04-15 17:00:00,69.5,63,88,328
6962181067,2016-04-15 18:00:00,80.6,62,105,397
6962181067,2016-04-15 19:00:00,71.8,62,89,351
6962181067,2016-04-15 20:00:00,74.9,68,89,190
6962181067,2016-04-15 21:00:00,75.2,71,88,336
6962181067,2016-04-15 22:00:00,73.6,65,83,317
6962181067,2016-04-15 23:00:00,72.3,67,95,336
6962181067,2016-04-16 00:00:00,68.9,63,81,328
6962181067,2016-04-16 01:00:00,66.5,59,82,302
6962181067,2016-04-16 02:00:00,62.3,59,67,284
6962181067,2016-04-16 03:00:00,62.8,59,69,308
6962181067,2016-04-16 04:00:00,60.8,55,69,313
6962181067,2016-04-16 05:00:00,61.2,56,73,306
6962181067,2016-04-16 06:00:00,61.0,57,67,298
6962181067,2016-04-16 07:00:00,67.5,59,91,324
6962181067,2016-04-16 08:00:00,89.2,72,114,464
6962181067,2016-04-16 09:00:00,113.4,87,142,1518
6962181067,2016-04-16 10:00:00,96.3,72,126,487
6962181067,2016-04-16 11:00:00,88.9,69,107,441
6962181067,2016-04-16 12:00:00,81.8,69,108,386
6962181067,2016-04-16 13:00:00,76.7,62,100,355
6962181067,2016-04-16 14:00:00,74.9,68,89,358
6962181067,2016-04-16 15:00:00,83.1,69,105,414
6962181067,2016-04-16 16:00:00,80.5,71,95,394
6962181067,2016-04-16 17:00:00,81.0,69,113,401
6962181067,2016-04-16 18:00:00,82.6,67,97,400
6962181067,2016-04-16 19:00:00,92.3,69,134,428
6962181067,2016-04-16 20:00:00,76.7,66,102,286
6962181067,2016-04-16 21:00:00,70.3,63,81,348
6962181067,2016-04-16 22:00:00,68.6,63,86,366
6962181067,2016-04-16 23:00:00,67.6,60,93,371
6962181067,2016-04-17 00:00:00,63.6,60,72,294
6962181067,2016-04-17 01:00:00,63.7,59,68,302
6962181067,2016-04-17 02:00:00,64.5,59,81,302
6962181067,2016-04-17 03:00:00,66.0,61,81,312
6962181067,2016-04-17 04:00:00,64.4,59,89,306
6962181067,2016-04-17 05:00:00,63.9,58,79,294
6962181067,2016-04-17 06:00:00,64.3,61,83,293
6962181067,2016-04-17 07:00:00,72.5,58,96,332
6962181067,2016-04-17 08:00:00,84.1,61,116,437
6962181067,2016-04-17 09:00:00,83.9,69,139,365
6962181067,2016-04-17 10:00:00,80.5,61,110,439
6962181067,2016-04-17 11:00:00,76.8,60,110,420
6962181067,2016-04-17 12:00:00,84.5,63,104,464
6962181067,2016-04-17 13:00:00,76.9,65,107,415
6962181067,2016-04-17 14:00:00,75.1,63,89,348
6962181067,2016-04-17 15:00:00,91.7,68,122,490
6962181067,2016-04-17 16:00:00,91.7,69,113,455
6962181067,2016-04-17 17:00:00,84.1,64,104,451
6962181067,2016-04-17 18:00:00,83.3,62,112,456
6962181067,2016-04-17 19:00:00,85.2,66,132,375
6962181067,2016-04-17 21:00:00,73.7,59,118,54
6962181067,2016-04-17 22:00:00,66.8,60,80,355
6962181067,2016-04-17 23:00:00,64.4,59,75,306
6962181067,2016-04-18 00:00:00,65.3,60,75,281
6962181067,2016-04-18 01:00:00,63.1,59,72,311
6962181067,2016-04-18 02:00:00,63.7,59,68,309
6962181067,2016-04-18 03:00:00,64.0,58,92,318
6962181067,2016-04-18 04:00:00,59.3,55,63,310
6962181067,2016-04-18 05:00:00,61.5,55,75,320
6962181067,2016-04-18 06:00:00,61.2,55,75,312
6962181067,2016-04-18 07:00:00,81.2,63,108,424
6962181067,2016-04-18 08:00:00,80.6,62,109,402
6962181067,2016-04-18 09:00:00,72.2,59,111,364
6962181067,2016-04-18 10:00:00,72.4,60,113,381
6962181067,2016-04-18 11:00:00,105.8,72,128,491
6962181067,2016-04-18 12:00:00,92.5,62,119,795
6962181067,2016-04-18 13:00:00,77.9,66,96,355
6962181067,2016-04-18 14:00:00,68.6,61,75,321
6962181067,2016-04-18 15:00:00,78.3,60,111,391
6962181067,2016-04-18 16:00:00,87.2,68,106,437
6962181067,2016-04-18 17:00:00,84.7,68,105,399
6962181067,2016-04-18 18:00:00,79.5,62,103,401
6962181067,2016-04-18 19:00:00,83.7,70,110,238
6962181067,2016-04-18 22:00:00,85.3,67,134,76
6962181067,2016-04-18 23:00:00,63.3,57,76,327
6962181067,2016-04-19 00:00:00,62.5,59,76,299
6962181067,2016-04-19 01:00:00,61.2,58,64,294
6962181067,2016-04-19 02:00:00,63.8,59,84,316
6962181067,2016-04-19 03:00:00,63.0,59,75,288
6962181067,2016-04-19 04:00:00,65.3,58,77,311
6962181067,2016-04-19 05:00:00,60.9,58,80,318
6962181067,2016-04-19 06:00:00,64.4,59,76,322
6962181067,2016-04-19 07:00:00,66.7,62,84,311
6962181067,2016-04-19 08:00:00,86.0,62,117,410
6962181067,2016-04-19 09:00:00,92.4,64,135,456
6962181067,2016-04-19 10:00:00,105.8,75,130,429
6962181067,2016-04-19 11:00:00,77.3,63,97,382
6962181067,2016-04-19 12:00:00,74.3,67,83,341
6962181067,2016-04-19 13:00:00,76.9,62,107,402
6962181067,2016-04-19 14:00:00,77.8,67,97,378
6962181067,2016-04-19 15:00:00,89.5,70,112,449
6962181067,2016-04-19 16:00:00,92.5,64,127,429
6962181067,2016-04-19 17:00:00,91.6,67,122,413
6962181067,2016-04-19 18:00:00,75.8,64,117,299
6962181067,2016-04-19 19:00:00,79.8,67,99,393
6962181067,2016-04-19 20:00:00,74.8,63,87,384
6962181067,2016-04-19 21:00:00,73.1,65,87,336
6962181067,2016-04-19 22:00:00,76.3,70,86,340
6962181067,2016-04-19 23:00:00,69.4,60,84,312
6962181067,2016-04-20 00:00:00,64.4,61,71,272
6962181067,2016-04-20 01:00:00,65.6,59,74,319
6962181067,2016-04-20 02:00:00,61.7,58,66,297
6962181067,2016-04-20 03:00:00,62.0,59,74,261
6962181067,2016-04-20 04:00:00,63.4,58,75,266
6962181067,2016-04-20 05:00:00,61.6,56,68,284
6962181067,2016-04-20 06:00:00,66.5,61,81,325
6962181067,2016-04-20 07:00:00,81.1,68,99,441
6962181067,2016-04-20 08:00:00,82.6,62,117,444
6962181067,2016-04-20 09:00:00,101.7,72,124,468
6962181067,2016-04-20 10:00:00,94.7,66,137,452
6962181067,2016-04-20 11:00:00,82.0,66,101,453
6962181067,2016-04-20 12:00:00,86.9,69,99,556
6962181067,2016-04-20 13:00:00,68.1,62,79,401
6962181067,2016-04-20 14:00:00,66.1,53,90,400
6962181067,2016-04-20 15:00:00,76.7,50,95,479
6962181067,2016-04-20 16:00:00,65.9,58,73,367
6962181067,2016-04-20 17:00:00,74.5,55,121,219
6962181067,2016-04-20 18:00:00,80.9,65,115,435
6962181067,2016-04-20 19:00:00,74.0,62,104,361
6962181067,2016-04-20 20:00:00,83.3,62,121,398
6962181067,2016-04-20 21:00:00,63.1,54,80,344
6962181067,2016-04-20 22:00:00,63.1,53,79,342
6962181067,2016-04-20 23:00:00,62.9,57,80,300
6962181067,2016-04-21 00:00:00,65.9,63,73,248
6962181067,2016-04-21 01:00:00,67.0,64,69,249
6962181067,2016-04-21 02:00:00,63.7,60,80,279
6962181067,2016-04-21 03:00:00,65.5,55,98,306
6962181067,2016-04-21 04:00:00,57.8,49,84,311
6962181067,2016-04-21 05:00:00,60.0,55,67,284
6962181067,2016-04-21 06:00:00,62.0,57,77,298
6962181067,2016-04-21 07:00:00,83.7,65,107,473
6962181067,2016-04-21 08:00:00,79.8,64,101,425
6962181067,2016-04-21 09:00:00,91.4,60,115,524
6962181067,2016-04-21 10:00:00,108.2,73,156,531
6962181067,2016-04-21 11:00:00,85.1,65,102,429
6962181067,2016-04-21 12:00:00,128.9,78,173,1286
6962181067,2016-04-21 13:00:00,88.3,68,107,367
6962181067,2016-04-21 14:00:00,74.2,62,88,370
6962181067,2016-04-21 15:00:00,67.4,58,82,371
6962181067,2016-04-21 16:00:00,83.3,58,118,424
6962181067,2016-04-21 17:00:00,71.5,57,100,355
6962181067,2016-04-21 18:00:00,76.3,60,99,405
6962181067,2016-04-21 19:00:00,68.1,59,77,355
6962181067,2016-04-21 20:00:00,65.4,58,81,100
6962181067,2016-04-21 21:00:00,71.6,64,79,74
6962181067,2016-04-21 22:00:00,68.5,62,81,353
6962181067,2016-04-21 23:00:00,64.6,57,89,330
6962181067,2016-04-22 00:00:00,61.8,59,67,303
6962181067,2016-04-22 01:00:00,62.8,59,69,294
6962181067,2016-04-22 02:00:00,62.3,58,69,281
6962181067,2016-04-22 03:00:00,60.7,56,68,306
6962181067,2016-04-22 04:00:00,60.1,55,65,311
6962181067,2016-04-22 05:00:00,63.0,56,75,313
6962181067,2016-04-22 06:00:00,64.7,58,82,316
6962181067,2016-04-22 07:00:00,87.1,69,107,443
6962181067,2016-04-22 08:00:00,77.6,64,98,394
6962181067,2016-04-22 09:00:00,100.2,64,129,531
6962181067,2016-04-22 10:00:00,79.9,67,121,364
6962181067,2016-04-22 11:00:00,80.3,62,111,449
6962181067,2016-04-22 12:00:00,120.8,64,169,1046
6962181067,2016-04-22 13:00:00,76.0,64,92,349
6962181067,2016-04-22 14:00:00,73.4,65,93,387
6962181067,2016-04-22 15:00:00,68.0,56,90,411
6962181067,2016-04-22 16:00:00,77.5,60,107,446
6962181067,2016-04-22 17:00:00,75.1,63,102,452
6962181067,2016-04-22 18:00:00,79.0,66,99,388
6962181067,2016-04-22 19:00:00,74.7,60,102,378
6962181067,2016-04-22 20:00:00,76.8,70,84,65
6962181067,2016-04-22 21:00:00,67.4,57,124,173
6962181067,2016-04-22 22:00:00,68.4,62,82,359
6962181067,2016-04-22 23:00:00,64.4,60,75,306
6962181067,2016-04-23 00:00:00,61.1,57,65,297
6962181067,2016-04-23 01:00:00,63.3,62,66,250
6962181067,2016-04-23 02:00:00,63.4,55,67,251
6962181067,2016-04-23 03:00:00,58.6,53,63,280
6962181067,2016-04-23 04:00:00,58.5,52,74,314
6962181067,2016-04-23 05:00:00,59.5,53,67,322
6962181067,2016-04-23 06:00:00,60.6,55,85,320
6962181067,2016-04-23 07:00:00,62.1,55,84,314
6962181067,2016-04-23 08:00:00,83.2,61,111,422
6962181067,2016-04-23 09:00:00,122.1,85,152,1513
6962181067,2016-04-23 10:00:00,96.5,75,125,233
6962181067,2016-04-23 11:00:00,76.5,66,101,382
6962181067,2016-04-23 12:00:00,78.3,62,103,418
6962181067,2016-04-23 13:00:00,77.8,67,102,423
6962181067,2016-04-23 14:00:00,87.8,68,112,459
6962181067,2016-04-23 15:00:00,86.4,70,106,440
6962181067,2016-04-23 16:00:00,92.2,70,114,484
6962181067,2016-04-23 17:00:00,102.9,75,118,471
6962181067,2016-04-23 18:00:00,86.8,74,117,370
6962181067,2016-04-23 19:00:00,89.9,71,111,446
6962181067,2016-04-23 20:00:00,79.4,67,109,424
6962181067,2016-04-23 21:00:00,76.5,63,97,435
6962181067,2016-04-23 22:00:00,70.0,64,85,375
6962181067,2016-04-23 23:00:00,82.1,60,105,213
6962181067,2016-04-24 00:00:00,58.2,51,66,314
6962181067,2016-04-24 01:00:00,57.7,53,78,320
6962181067,2016-04-24 02:00:00,59.7,55,71,312
6962181067,2016-04-24 03:00:00,60.2,52,81,307
6962181067,2016-04-24 04:00:00,56.8,49,81,316
6962181067,2016-04-24 05:00:00,58.8,53,66,293
6962181067,2016-04-24 06:00:00,59.6,55,65,317
6962181067,2016-04-24 07:00:00,60.0,55,67,333
6962181067,2016-04-24 08:00:00,60.7,50,77,342
6962181067,2016-04-24 09:00:00,74.6,59,100,410
6962181067,2016-04-24 10:00:00,83.2,65,114,427
6962181067,2016-04-24 11:00:00,82.4,69,109,400
6962181067,2016-04-24 12:00:00,81.1,64,104,419
6962181067,2016-04-24 13:00:00,72.6,63,95,369
6962181067,2016-04-24 14:00:00,69.8,61,88,378
6962181067,2016-04-24 15:00:00,63.3,54,75,374
6962181067,2016-04-24 16:00:00,76.9,61,104,471
6962181067,2016-04-24 17:00:00,79.1,65,105,424
6962181067,2016-04-24 18:00:00,75.6,60,93,443
6962181067,2016-04-24 19:00:00,71.6,62,89,423
6962181067,2016-04-24 20:00:00,70.1,53,92,393
6962181067,2016-04-24 21:00:00,65.7,56,101,386
6962181067,2016-04-24 22:00:00,64.8,56,95,131
6962181067,2016-04-24 23:00:00,62.7,57,77,341
6962181067,2016-04-25 00:00:00,61.0,57,67,295
6962181067,2016-04-25 01:00:00,62.7,57,83,316
6962181067,2016-04-25 02:00:00,60.4,55,77,322
6962181067,2016-04-25 03:00:00,59.9,54,73,291
6962181067,2016-04-25 04:00:00,59.2,53,85,291
6962181067,2016-04-25 05:00:00,57.7,51,81,315
6962181067,2016-04-25 06:00:00,58.0,53,81,334
6962181067,2016-04-25 07:00:00,84.0,59,107,428
6962181067,2016-04-25 08:00:00,85.9,67,114,418
6962181067,2016-04-25 09:00:00,83.2,62,115,433
6962181067,2016-04-25 10:00:00,99.4,64,128,431
6962181067,2016-04-25 11:00:00,73.8,62,97,383
6962181067,2016-04-25 12:00:00,91.8,69,142,706
6962181067,2016-04-25 13:00:00,72.7,60,87,351
6962181067,2016-04-25 14:00:00,71.4,61,95,398
6962181067,2016-04-25 15:00:00,72.5,59,119,384
6962181067,2016-04-25 16:00:00,80.5,63,107,447
6962181067,2016-04-25 17:00:00,86.4,62,119,480
6962181067,2016-04-25 18:00:00,69.8,56,89,373
6962181067,2016-04-25 19:00:00,74.0,65,94,309
6962181067,2016-04-25 20:00:00,68.2,59,87,373
6962181067,2016-04-25 21:00:00,69.4,62,78,359
6962181067,2016-04-25 22:00:00,65.3,56,92,348
6962181067,2016-04-25 23:00:00,59.5,55,78,308
6962181067,2016-04-26 00:00:00,60.8,57,70,285
6962181067,2016-04-26 01:00:00,60.0,55,69,293
6962181067,2016-04-26 02:00:00,57.2,54,62,274
6962181067,2016-04-26 03:00:00,56.6,52,61,300
6962181067,2016-04-26 04:00:00,58.0,51,86,304
6962181067,2016-04-26 05:00:00,58.9,52,76,282
6962181067,2016-04-26 06:00:00,65.8,51,98,338
6962181067,2016-04-26 07:00:00,80.1,64,106,424
6962181067,2016-04-26 08:00:00,78.6,66,100,416
6962181067,2016-04-26 09:00:00,81.9,65,109,416
6962181067,2016-04-26 10:00:00,80.3,63,103,425
6962181067,2016-04-26 11:00:00,84.5,63,114,413
6962181067,2016-04-26 12:00:00,109.4,69,140,1425
6962181067,2016-04-26 13:00:00,80.0,65,108,370
6962181067,2016-04-26 14:00:00,70.7,60,84,359
6962181067,2016-04-26 15:00:00,68.7,58,91,409
6962181067,2016-04-26 16:00:00,69.5,57,94,380
6962181067,2016-04-26 17:00:00,71.8,58,95,386
6962181067,2016-04-26 18:00:00,75.6,66,97,396
6962181067,2016-04-26 19:00:00,73.6,62,92,401
6962181067,2016-04-26 20:00:00,69.7,58,98,278
6962181067,2016-04-26 22:00:00,71.4,63,94,25
6962181067,2016-04-26 23:00:00,62.3,57,77,318
6962181067,2016-04-27 00:00:00,65.4,57,72,296
6962181067,2016-04-27 01:00:00,65.1,61,87,311
6962181067,2016-04-27 02:00:00,60.4,55,75,323
6962181067,2016-04-27 03:00:00,59.7,55,73,317
6962181067,2016-04-27 04:00:00,61.6,58,70,313
6962181067,2016-04-27 05:00:00,60.0,56,72,325
6962181067,2016-04-27 06:00:00,63.3,57,92,308
6962181067,2016-04-27 07:00:00,80.8,63,98,431
6962181067,2016-04-27 08:00:00,77.9,61,104,428
6962181067,2016-04-27 09:00:00,74.1,62,97,400
6962181067,2016-04-27 10:00:00,75.6,63,99,420
6962181067,2016-04-27 11:00:00,92.6,69,106,447
6962181067,2016-04-27 12:00:00,78.1,64,115,391
6962181067,2016-04-27 13:00:00,68.4,60,77,369
6962181067,2016-04-27 14:00:00,67.8,54,90,367
6962181067,2016-04-27 15:00:00,66.4,59,72,374
6962181067,2016-04-27 16:00:00,79.2,56,109,440
6962181067,2016-04-27 17:00:00,77.6,53,108,439
6962181067,2016-04-27 18:00:00,87.8,67,116,413
6962181067,2016-04-27 19:00:00,82.8,64,114,463
6962181067,2016-04-27 20:00:00,89.9,62,142,257
6962181067,2016-04-27 21:00:00,77.4,58,136,43
6962181067,2016-04-27 22:00:00,59.7,53,85,349
6962181067,2016-04-27 23:00:00,64.3,54,85,371
6962181067,2016-04-28 00:00:00,59.6,56,74,290
6962181067,2016-04-28 01:00:00,60.2,57,66,286
6962181067,2016-04-28 02:00:00,63.3,58,89,304
6962181067,2016-04-28 03:00:00,62.7,59,70,302
6962181067,2016-04-28 04:00:00,62.8,58,78,317
6962181067,2016-04-28 05:00:00,62.7,58,77,303
6962181067,2016-04-28 06:00:00,62.3,56,70,306
6962181067,2016-04-28 07:00:00,61.9,54,77,324
6962181067,2016-04-28 08:00:00,80.1,56,102,434
6962181067,2016-04-28 09:00:00,80.9,63,101,477
6962181067,2016-04-28 10:00:00,82.5,66,106,427
6962181067,2016-04-28 11:00:00,86.4,68,115,442
6962181067,2016-04-28 12:00:00,119.9,69,166,1219
6962181067,2016-04-28 13:00:00,111.0,67,174,687
6962181067,2016-04-28 14:00:00,76.3,61,95,377
6962181067,2016-04-28 15:00:00,78.2,60,109,426
6962181067,2016-04-28 16:00:00,70.1,60,96,397
6962181067,2016-04-28 17:00:00,85.0,61,108,457
6962181067,2016-04-28 18:00:00,75.9,59,111,408
6962181067,2016-04-28 19:00:00,76.6,63,122,340
6962181067,2016-04-28 20:00:00,72.1,61,99,161
6962181067,2016-04-28 23:00:00,63.8,56,76,244
6962181067,2016-04-29 00:00:00,60.6,57,66,297
6962181067,2016-04-29 01:00:00,64.3,60,81,291
6962181067,2016-04-29 02:00:00,65.7,61,73,290
6962181067,2016-04-29 03:00:00,68.7,63,71,252
6962181067,2016-04-29 04:00:00,64.7,58,69,282
6962181067,2016-04-29 05:00:00,62.6,56,72,316
6962181067,2016-04-29 06:00:00,67.5,58,101,341
6962181067,2016-04-29 07:00:00,82.2,63,104,417
6962181067,2016-04-29 08:00:00,80.5,56,112,437
6962181067,2016-04-29 09:00:00,94.6,69,129,480
6962181067,2016-04-29 10:00:00,108.3,89,127,477
6962181067,2016-04-29 11:00:00,86.2,69,113,430
6962181067,2016-04-29 12:00:00,103.3,59,141,879
6962181067,2016-04-29 13:00:00,78.6,67,103,388
6962181067,2016-04-29 14:00:00,73.6,60,93,355
6962181067,2016-04-29 15:00:00,79.1,63,109,404
6962181067,2016-04-29 16:00:00,81.7,67,104,417
6962181067,2016-04-29 17:00:00,84.3,66,116,414
6962181067,2016-04-29 18:00:00,88.9,69,116,418
6962181067,2016-04-29 19:00:00,82.2,66,111,389
6962181067,2016-04-29 20:00:00,75.1,63,102,414
6962181067,2016-04-29 21:00:00,71.0,63,86,351
6962181067,2016-04-29 22:00:00,83.6,70,125,11
6962181067,2016-04-29 23:00:00,70.3,64,92,351
6962181067,2016-04-30 00:00:00,69.4,63,80,335
6962181067,2016-04-30 01:00:00,66.3,59,81,326
6962181067,2016-04-30 02:00:00,62.3,58,67,313
6962181067,2016-04-30 03:00:00,60.9,55,77,305
6962181067,2016-04-30 04:00:00,62.7,58,72,309
6962181067,2016-04-30 05:00:00,62.9,59,68,306
6962181067,2016-04-30 06:00:00,63.9,59,75,299
6962181067,2016-04-30 07:00:00,63.8,58,83,309
6962181067,2016-04-30 08:00:00,67.4,56,93,347
6962181067,2016-04-30 09:00:00,76.0,62,103,424
6962181067,2016-04-30 10:00:00,114.1,62,141,1256
6962181067,2016-04-30 11:00:00,89.4,71,109,445
6962181067,2016-04-30 12:00:00,86.0,70,106,437
6962181067,2016-04-30 13:00:00,90.7,71,117,427
6962181067,2016-04-30 14:00:00,81.3,65,110,425
6962181067,2016-04-30 15:00:00,75.9,62,107,385
6962181067,2016-04-30 16:00:00,64.2,53,75,352
6962181067,2016-04-30 17:00:00,75.4,54,105,400
6962181067,2016-04-30 18:00:00,82.9,65,103,411
6962181067,2016-04-30 19:00:00,73.8,57,97,397
6962181067,2016-04-30 20:00:00,89.7,68,122,288
6962181067,2016-05-01 00:00:00,66.3,56,127,109
6962181067,2016-05-01 01:00:00,61.2,56,73,294
6962181067,2016-05-01 02:00:00,60.7,56,69,313
6962181067,2016-05-01 03:00:00,71.1,60,90,283
6962181067,2016-05-01 04:00:00,65.3,61,69,318
6962181067,2016-05-01 05:00:00,69.2,58,92,304
6962181067,2016-05-01 06:00:00,66.0,59,89,331
6962181067,2016-05-01 07:00:00,67.2,61,83,336
6962181067,2016-05-01 08:00:00,82.0,65,112,420
6962181067,2016-05-01 09:00:00,83.4,65,109,393
6962181067,2016-05-01 10:00:00,85.8,67,108,455
6962181067,2016-05-01 11:00:00,71.7,58,94,394
6962181067,2016-05-01 12:00:00,75.9,64,86,380
6962181067,2016-05-01 13:00:00,77.3,66,93,381
6962181067,2016-05-01 14:00:00,74.0,64,93,385
6962181067,2016-05-01 15:00:00,70.5,60,93,396
6962181067,2016-05-01 16:00:00,69.8,61,79,360
6962181067,2016-05-01 17:00:00,81.0,66,99,395
6962181067,2016-05-01 18:00:00,81.1,62,105,426
6962181067,2016-05-01 19:00:00,78.5,62,108,403
6962181067,2016-05-01 20:00:00,70.0,63,76,354
6962181067,2016-05-01 21:00:00,71.1,65,82,250
6962181067,2016-05-01 22:00:00,69.1,61,120,126
6962181067,2016-05-01 23:00:00,65.8,60,71,290
6962181067,2016-05-02 00:00:00,65.5,61,70,309
6962181067,2016-05-02 01:00:00,66.2,60,80,317
6962181067,2016-05-02 02:00:00,65.6,61,83,312
6962181067,2016-05-02 03:00:00,65.4,58,76,319
6962181067,2016-05-02 04:00:00,65.0,60,90,312
6962181067,2016-05-02 05:00:00,64.0,59,78,306
6962181067,2016-05-02 06:00:00,69.9,61,99,346
6962181067,2016-05-02 07:00:00,84.7,66,108,475
6962181067,2016-05-02 08:00:00,81.0,65,104,417
6962181067,2016-05-02 09:00:00,86.7,65,118,487
6962181067,2016-05-02 10:00:00,75.6,63,102,405
6962181067,2016-05-02 11:00:00,80.3,64,102,419
6962181067,2016-05-02 12:00:00,106.6,71,140,871
6962181067,2016-05-02 13:00:00,77.3,68,88,336
6962181067,2016-05-02 14:00:00,75.2,61,100,364
6962181067,2016-05-02 15:00:00,78.0,67,98,381
6962181067,2016-05-02 16:00:00,82.3,56,112,425
6962181067,2016-05-02 17:00:00,82.3,64,100,439
6962181067,2016-05-02 18:00:00,88.4,70,115,425
6962181067,2016-05-02 19:00:00,101.1,69,132,383
6962181067,2016-05-02 20:00:00,76.9,62,117,368
6962181067,2016-05-02 21:00:00,75.7,61,91,378
6962181067,2016-05-02 22:00:00,72.5,61,92,361
6962181067,2016-05-02 23:00:00,68.7,62,81,363
6962181067,2016-05-03 00:00:00,64.5,61,70,296
6962181067,2016-05-03 01:00:00,67.1,63,85,304
6962181067,2016-05-03 02:00:00,66.5,63,69,286
6962181067,2016-05-03 03:00:00,63.1,56,80,298
6962181067,2016-05-03 04:00:00,65.5,59,95,328
6962181067,2016-05-03 05:00:00,61.9,58,66,306
6962181067,2016-05-03 06:00:00,64.3,57,84,314
6962181067,2016-05-03 07:00:00,84.9,65,105,450
6962181067,2016-05-03 08:00:00,86.7,64,113,466
6962181067,2016-05-03 09:00:00,69.1,59,110,361
6962181067,2016-05-03 10:00:00,79.1,53,157,421
6962181067,2016-05-03 11:00:00,93.6,61,152,449
6962181067,2016-05-03 12:00:00,92.5,75,109,527
6962181067,2016-05-03 13:00:00,84.5,61,122,445
6962181067,2016-05-03 14:00:00,72.6,60,102,369
6962181067,2016-05-03 15:00:00,85.7,64,109,424
6962181067,2016-05-03 16:00:00,74.2,62,109,416
6962181067,2016-05-03 17:00:00,72.6,61,82,373
6962181067,2016-05-03 18:00:00,77.0,61,110,419
6962181067,2016-05-03 19:00:00,71.8,61,92,361
6962181067,2016-05-03 20:00:00,72.0,62,92,392
6962181067,2016-05-03 21:00:00,66.1,57,80,366
6962181067,2016-05-03 22:00:00,68.2,63,106,60
6962181067,2016-05-03 23:00:00,65.5,60,82,326
6962181067,2016-05-04 00:00:00,65.8,62,79,304
6962181067,2016-05-04 01:00:00,66.3,59,90,313
6962181067,2016-05-04 02:00:00,66.5,63,78,311
6962181067,2016-05-04 03:00:00,61.9,55,88,308
6962181067,2016-05-04 04:00:00,62.5,58,83,308
6962181067,2016-05-04 05:00:00,61.2,56,80,327
6962181067,2016-05-04 06:00:00,65.1,57,104,335
6962181067,2016-05-04 07:00:00,81.7,63,105,448
6962181067,2016-05-04 08:00:00,79.7,58,101,442
6962181067,2016-05-04 09:00:00,103.7,61,151,783
6962181067,2016-05-04 10:00:00,118.3,77,174,692
6962181067,2016-05-04 11:00:00,89.7,67,118,418
6962181067,2016-05-04 12:00:00,79.4,66,105,396
6962181067,2016-05-04 13:00:00,67.2,61,78,350
6962181067,2016-05-04 14:00:00,69.8,63,85,378
6962181067,2016-05-04 15:00:00,70.5,58,89,393
6962181067,2016-05-04 16:00:00,67.9,59,93,390
6962181067,2016-05-04 17:00:00,85.2,63,99,416
6962181067,2016-05-04 18:00:00,81.6,67,109,378
6962181067,2016-05-04 19:00:00,88.3,68,134,393
6962181067,2016-05-04 20:00:00,80.4,62,104,302
6962181067,2016-05-04 21:00:00,71.5,65,111,74
6962181067,2016-05-04 22:00:00,69.8,58,83,367
6962181067,2016-05-04 23:00:00,67.2,61,88,344
6962181067,2016-05-05 00:00:00,65.8,61,74,268
6962181067,2016-05-05 01:00:00,68.6,63,96,280
6962181067,2016-05-05 02:00:00,67.0,65,73,250
6962181067,2016-05-05 03:00:00,64.0,59,67,285
6962181067,2016-05-05 04:00:00,64.9,58,76,297
6962181067,2016-05-05 05:00:00,61.0,56,83,314
6962181067,2016-05-05 06:00:00,64.4,58,86,340
6962181067,2016-05-05 07:00:00,63.3,58,75,319
6962181067,2016-05-05 08:00:00,86.8,66,111,445
6962181067,2016-05-05 09:00:00,89.5,67,114,437
6962181067,2016-05-05 10:00:00,80.4,63,95,428
6962181067,2016-05-05 11:00:00,79.4,62,105,428
6962181067,2016-05-05 12:00:00,84.1,64,108,457
6962181067,2016-05-05 13:00:00,66.0,58,76,347
6962181067,2016-05-05 14:00:00,68.5,54,85,376
6962181067,2016-05-05 15:00:00,73.9,59,101,394
6962181067,2016-05-05 16:00:00,79.8,61,107,463
6962181067,2016-05-05 17:00:00,81.2,60,128,440
6962181067,2016-05-05 18:00:00,84.5,64,119,413
6962181067,2016-05-05 19:00:00,104.3,70,128,477
6962181067,2016-05-05 20:00:00,84.5,64,103,159
6962181067,2016-05-05 23:00:00,65.1,60,93,144
6962181067,2016-05-06 00:00:00,64.9,60,71,316
6962181067,2016-05-06 01:00:00,63.9,60,72,306
6962181067,2016-05-06 02:00:00,63.2,58,69,303
6962181067,2016-05-06 03:00:00,58.1,52,90,317
6962181067,2016-05-06 04:00:00,60.3,55,76,318
6962181067,2016-05-06 05:00:00,59.9,53,80,314
6962181067,2016-05-06 06:00:00,61.6,56,65,288
6962181067,2016-05-06 07:00:00,78.9,59,111,418
6962181067,2016-05-06 08:00:00,85.2,66,114,461
6962181067,2016-05-06 09:00:00,77.6,61,101,411
6962181067,2016-05-06 10:00:00,72.1,66,79,352
6962181067,2016-05-06 11:00:00,68.4,61,78,395
6962181067,2016-05-06 12:00:00,73.8,61,96,414
6962181067,2016-05-06 13:00:00,76.2,63,97,407
6962181067,2016-05-06 14:00:00,72.9,64,86,388
6962181067,2016-05-06 15:00:00,70.3,60,79,351
6962181067,2016-05-06 16:00:00,71.8,58,101,391
6962181067,2016-05-06 17:00:00,74.2,56,106,404
6962181067,2016-05-06 18:00:00,79.9,59,107,393
6962181067,2016-05-06 19:00:00,67.9,58,78,374
6962181067,2016-05-06 20:00:00,79.0,58,103,455
6962181067,2016-05-06 21:00:00,77.5,61,96,428
6962181067,2016-05-06 22:00:00,84.5,70,104,440
6962181067,2016-05-06 23:00:00,71.5,65,85,382
6962181067,2016-05-07 00:00:00,71.5,64,87,354
6962181067,2016-05-07 01:00:00,75.4,65,88,372
6962181067,2016-05-07 02:00:00,78.0,69,96,363
6962181067,2016-05-07 03:00:00,66.4,60,97,306
6962181067,2016-05-07 04:00:00,65.5,59,93,323
6962181067,2016-05-07 05:00:00,65.0,59,85,311
6962181067,2016-05-07 06:00:00,66.9,59,92,339
6962181067,2016-05-07 07:00:00,63.6,57,87,321
6962181067,2016-05-07 08:00:00,67.3,58,84,340
6962181067,2016-05-07 09:00:00,87.8,71,118,412
6962181067,2016-05-07 10:00:00,81.3,63,99,394
6962181067,2016-05-07 11:00:00,83.5,66,108,458
6962181067,2016-05-07 12:00:00,72.4,58,101,403
6962181067,2016-05-07 13:00:00,74.4,63,98,427
6962181067,2016-05-07 14:00:00,84.5,67,125,240
6962181067,2016-05-07 15:00:00,70.0,70,70,4
6962181067,2016-05-07 16:00:00,84.8,64,105,304
6962181067,2016-05-07 17:00:00,81.5,72,98,420
6962181067,2016-05-07 18:00:00,89.0,74,107,393
6962181067,2016-05-07 19:00:00,89.0,72,109,482
6962181067,2016-05-07 20:00:00,83.2,66,97,439
6962181067,2016-05-07 21:00:00,74.2,63,103,385
6962181067,2016-05-07 22:00:00,75.5,65,99,392
6962181067,2016-05-07 23:00:00,76.7,68,100,361
6962181067,2016-05-08 00:00:00,76.5,70,89,315
6962181067,2016-05-08 01:00:00,72.5,68,90,315
6962181067,2016-05-08 02:00:00,71.2,64,85,312
6962181067,2016-05-08 03:00:00,68.4,64,74,292
6962181067,2016-05-08 04:00:00,68.0,61,93,311
6962181067,2016-05-08 05:00:00,63.1,59,72,315
6962181067,2016-05-08 06:00:00,63.7,58,83,309
6962181067,2016-05-08 07:00:00,63.1,56,73,326
6962181067,2016-05-08 08:00:00,65.9,60,75,321
6962181067,2016-05-08 09:00:00,69.7,60,90,343
6962181067,2016-05-08 10:00:00,81.7,54,113,403
6962181067,2016-05-08 11:00:00,83.1,68,104,423
6962181067,2016-05-08 12:00:00,82.4,72,97,389
6962181067,2016-05-08 13:00:00,78.4,62,95,394
6962181067,2016-05-08 14:00:00,82.3,67,94,394
6962181067,2016-05-08 15:00:00,76.8,67,110,390
6962181067,2016-05-08 16:00:00,91.3,65,116,410
6962181067,2016-05-08 17:00:00,79.3,67,98,384
6962181067,2016-05-08 18:00:00,67.3,61,79,231
6962181067,2016-05-08 21:00:00,86.4,75,112,12
6962181067,2016-05-08 22:00:00,76.9,72,93,317
6962181067,2016-05-08 23:00:00,75.7,70,83,329
6962181067,2016-05-09 00:00:00,71.3,67,78,299
6962181067,2016-05-09 01:00:00,68.3,62,77,305
6962181067,2016-05-09 02:00:00,64.9,61,76,304
6962181067,2016-05-09 03:00:00,63.2,59,88,309
6962181067,2016-05-09 04:00:00,65.9,58,78,316
6962181067,2016-05-09 05:00:00,64.9,61,81,302
6962181067,2016-05-09 06:00:00,66.7,60,86,307
6962181067,2016-05-09 07:00:00,68.0,60,95,335
6962181067,2016-05-09 08:00:00,83.5,64,111,436
6962181067,2016-05-09 09:00:00,91.6,70,127,467
6962181067,2016-05-09 10:00:00,105.9,75,125,415
6962181067,2016-05-09 11:00:00,85.6,64,107,426
6962181067,2016-05-09 12:00:00,79.6,61,104,385
6962181067,2016-05-09 13:00:00,74.5,65,89,349
6962181067,2016-05-09 14:00:00,76.5,60,89,363
6962181067,2016-05-09 15:00:00,72.0,65,84,337
6962181067,2016-05-09 16:00:00,70.8,64,90,359
6962181067,2016-05-09 17:00:00,93.9,68,121,415
6962181067,2016-05-09 18:00:00,73.3,66,88,337
6962181067,2016-05-09 19:00:00,97.1,67,123,428
6962181067,2016-05-09 20:00:00,72.1,64,181,334
6962181067,2016-05-09 21:00:00,69.4,56,87,353
6962181067,2016-05-09 22:00:00,70.9,62,91,375
6962181067,2016-05-09 23:00:00,66.4,63,76,310
6962181067,2016-05-10 00:00:00,67.6,64,83,300
6962181067,2016-05-10 01:00:00,67.8,64,72,298
6962181067,2016-05-10 02:00:00,66.9,59,80,293
6962181067,2016-05-10 03:00:00,65.4,59,86,315
6962181067,2016-05-10 04:00:00,64.0,59,85,327
6962181067,2016-05-10 05:00:00,63.7,58,82,317
6962181067,2016-05-10 06:00:00,65.2,57,85,332
6962181067,2016-05-10 07:00:00,115.2,67,184,978
6962181067,2016-05-10 08:00:00,90.3,66,109,398
6962181067,2016-05-10 09:00:00,99.5,77,136,526
6962181067,2016-05-10 10:00:00,119.4,89,158,529
6962181067,2016-05-10 11:00:00,92.5,69,163,422
6962181067,2016-05-10 12:00:00,75.2,63,89,374
6962181067,2016-05-10 13:00:00,71.4,65,80,359
6962181067,2016-05-10 14:00:00,72.1,63,85,365
6962181067,2016-05-10 15:00:00,70.9,62,92,394
6962181067,2016-05-10 16:00:00,86.7,69,106,481
6962181067,2016-05-10 17:00:00,84.3,62,127,464
6962181067,2016-05-10 18:00:00,86.1,67,108,415
6962181067,2016-05-10 19:00:00,84.2,63,126,342
6962181067,2016-05-10 21:00:00,65.9,60,86,179
6962181067,2016-05-10 22:00:00,67.2,57,82,344
6962181067,2016-05-10 23:00:00,65.4,59,78,314
6962181067,2016-05-11 00:00:00,63.2,59,69,290
6962181067,2016-05-11 01:00:00,63.3,58,69,312
6962181067,2016-05-11 02:00:00,63.4,57,74,308
6962181067,2016-05-11 03:00:00,64.1,59,77,307
6962181067,2016-05-11 04:00:00,65.4,60,78,320
6962181067,2016-05-11 05:00:00,63.7,57,95,320
6962181067,2016-05-11 06:00:00,62.3,55,78,337
6962181067,2016-05-11 07:00:00,66.0,59,82,344
6962181067,2016-05-11 08:00:00,87.8,61,115,424
6962181067,2016-05-11 09:00:00,117.0,69,145,1243
6962181067,2016-05-11 10:00:00,86.0,71,106,384
6962181067,2016-05-11 11:00:00,84.8,71,108,380
6962181067,2016-05-11 12:00:00,79.4,61,98,387
6962181067,2016-05-11 13:00:00,71.7,64,82,347
6962181067,2016-05-11 14:00:00,73.3,65,80,342
6962181067,2016-05-11 15:00:00,75.5,65,94,394
6962181067,2016-05-11 16:00:00,81.3,63,106,409
6962181067,2016-05-11 17:00:00,73.1,63,87,356
6962181067,2016-05-11 18:00:00,72.0,53,86,240
6962181067,2016-05-11 19:00:00,81.2,71,114,172
6962181067,2016-05-11 20:00:00,77.2,68,91,398
6962181067,2016-05-11 21:00:00,77.3,69,88,399
6962181067,2016-05-11 22:00:00,72.1,62,85,377
6962181067,2016-05-11 23:00:00,69.2,64,85,324
6962181067,2016-05-12 00:00:00,68.1,63,82,300
6962181067,2016-05-12 01:00:00,67.2,62,92,302
6962181067,2016-05-12 02:00:00,69.3,66,78,307
6962181067,2016-05-12 03:00:00,67.8,63,85,312
6962181067,2016-05-12 04:00:00,64.8,60,78,308
6962181067,2016-05-12 05:00:00,65.7,61,77,265
6962181067,2016-05-12 06:00:00,66.5,62,78,312
6962181067,2016-05-12 07:00:00,64.7,60,77,327
6962181067,2016-05-12 08:00:00,84.8,62,117,397
6962181067,2016-05-12 09:00:00,87.6,71,116,433
6962181067,2016-05-12 10:00:00,91.6,74,112,468
6962181067,2016-05-12 11:00:00,89.9,72,116,392
7007744171,2016-04-12 05:00:00,101.0,101,101,2
7007744171,2016-04-12 06:00:00,100.9,70,125,266
7007744171,2016-04-12 07:00:00,105.9,79,128,478
7007744171,2016-04-12 08:00:00,105.7,82,131,542
7007744171,2016-04-12 09:00:00,95.3,79,112,402
7007744171,2016-04-12 10:00:00,97.6,77,114,448
7007744171,2016-04-12 11:00:00,103.6,93,116,379
7007744171,2016-04-12 12:00:00,90.5,78,118,360
7007744171,2016-04-12 13:00:00,90.0,79,113,367
7007744171,2016-04-12 14:00:00,86.5,74,97,375
7007744171,2016-04-12 15:00:00,94.9,82,113,389
7007744171,2016-04-12 16:00:00,102.0,79,151,436
7007744171,2016-04-12 17:00:00,93.5,79,124,406
7007744171,2016-04-12 18:00:00,89.1,78,107,312
7007744171,2016-04-12 19:00:00,85.9,73,100,338
7007744171,2016-04-12 20:00:00,74.0,74,74,2
7007744171,2016-04-12 21:00:00,70.0,70,70,4
7007744171,2016-04-13 05:00:00,76.0,76,76,4
7007744171,2016-04-13 06:00:00,99.7,70,115,323
7007744171,2016-04-13 07:00:00,91.1,75,117,393
7007744171,2016-04-13 08:00:00,121.3,82,144,556
7007744171,2016-04-13 09:00:00,107.8,88,144,471
7007744171,2016-04-13 10:00:00,85.9,70,104,362
7007744171,2016-04-13 11:00:00,93.4,74,114,432
7007744171,2016-04-13 12:00:00,86.2,70,109,361
7007744171,2016-04-13 13:00:00,87.7,72,109,368
7007744171,2016-04-13 14:00:00,86.4,79,103,347
7007744171,2016-04-13 15:00:00,84.2,70,100,395
7007744171,2016-04-13 16:00:00,90.4,71,114,439
7007744171,2016-04-13 17:00:00,93.2,82,122,347
7007744171,2016-04-13 18:00:00,86.6,75,112,382
7007744171,2016-04-13 19:00:00,86.3,77,108,344
7007744171,2016-04-13 20:00:00,80.6,70,90,332
7007744171,2016-04-13 21:00:00,75.0,70,86,80
7007744171,2016-04-14 06:00:00,97.8,83,129,360
7007744171,2016-04-14 07:00:00,82.6,66,116,381
7007744171,2016-04-14 08:00:00,108.6,67,131,505
7007744171,2016-04-14 09:00:00,95.3,77,118,396
7007744171,2016-04-14 10:00:00,80.3,72,94,325
7007744171,2016-04-14 11:00:00,90.0,69,111,390
7007744171,2016-04-14 12:00:00,93.1,78,118,368
7007744171,2016-04-14 13:00:00,88.8,54,111,352
7007744171,2016-04-14 14:00:00,84.4,75,131,342
7007744171,2016-04-14 15:00:00,99.3,82,129,410
7007744171,2016-04-14 16:00:00,91.7,78,107,385
7007744171,2016-04-14 17:00:00,85.1,77,108,356
7007744171,2016-04-14 18:00:00,97.1,75,132,433
7007744171,2016-04-14 19:00:00,102.5,90,114,424
7007744171,2016-04-14 20:00:00,85.1,65,119,353
7007744171,2016-04-14 21:00:00,77.8,68,87,202
7007744171,2016-04-15 06:00:00,97.6,81,126,267
7007744171,2016-04-15 07:00:00,87.7,73,121,409
7007744171,2016-04-15 08:00:00,89.9,64,111,429
7007744171,2016-04-15 09:00:00,77.9,65,99,368
7007744171,2016-04-15 10:00:00,80.0,60,108,427
7007744171,2016-04-15 11:00:00,84.8,72,128,386
7007744171,2016-04-15 12:00:00,87.9,71,118,379
7007744171,2016-04-15 13:00:00,87.5,69,107,354
7007744171,2016-04-15 14:00:00,83.7,70,92,136
7007744171,2016-04-15 15:00:00,83.2,74,97,352
7007744171,2016-04-15 16:00:00,79.5,70,110,357
7007744171,2016-04-15 17:00:00,81.6,73,103,320
7007744171,2016-04-15 18:00:00,76.7,72,84,65
7007744171,2016-04-16 06:00:00,89.2,85,93,25
7007744171,2016-04-16 07:00:00,87.7,66,118,373
7007744171,2016-04-16 08:00:00,77.3,68,105,382
7007744171,2016-04-16 09:00:00,79.7,62,96,389
7007744171,2016-04-16 10:00:00,74.3,64,103,404
7007744171,2016-04-16 11:00:00,78.3,67,113,360
7007744171,2016-04-16 12:00:00,74.0,67,86,363
7007744171,2016-04-16 13:00:00,77.5,65,100,353
7007744171,2016-04-16 14:00:00,68.9,62,76,340
7007744171,2016-04-16 15:00:00,72.1,61,104,377
7007744171,2016-04-16 16:00:00,83.7,65,114,412
7007744171,2016-04-16 17:00:00,93.3,75,129,396
7007744171,2016-04-16 18:00:00,89.2,74,111,405
7007744171,2016-04-16 19:00:00,84.5,70,102,389
7007744171,2016-04-16 20:00:00,78.3,66,98,360
7007744171,2016-04-16 21:00:00,76.1,66,93,312
7007744171,2016-04-17 06:00:00,91.3,70,108,131
7007744171,2016-04-17 07:00:00,94.0,70,127,489
7007744171,2016-04-17 08:00:00,95.2,70,112,358
7007744171,2016-04-17 09:00:00,98.8,70,115,435
7007744171,2016-04-17 10:00:00,87.6,67,121,412
7007744171,2016-04-17 11:00:00,81.1,67,108,385
7007744171,2016-04-17 12:00:00,77.8,68,104,347
7007744171,2016-04-17 13:00:00,82.0,74,106,369
7007744171,2016-04-17 14:00:00,71.1,63,84,349
7007744171,2016-04-17 15:00:00,84.7,71,117,296
7007744171,2016-04-17 16:00:00,90.0,74,107,410
7007744171,2016-04-17 17:00:00,86.0,72,112,385
7007744171,2016-04-17 18:00:00,85.4,67,120,384
7007744171,2016-04-17 19:00:00,81.6,65,108,370
7007744171,2016-04-17 20:00:00,76.8,70,97,249
7007744171,2016-04-18 06:00:00,94.8,78,115,298
7007744171,2016-04-18 07:00:00,86.4,70,116,406
7007744171,2016-04-18 08:00:00,110.3,95,116,420
7007744171,2016-04-18 09:00:00,102.0,85,124,442
7007744171,2016-04-18 10:00:00,106.5,86,139,510
7007744171,2016-04-18 11:00:00,90.2,73,105,360
7007744171,2016-04-18 12:00:00,82.7,69,111,350
7007744171,2016-04-18 13:00:00,81.7,69,107,368
7007744171,2016-04-18 14:00:00,88.1,65,101,356
7007744171,2016-04-18 15:00:00,95.6,78,108,408
7007744171,2016-04-18 16:00:00,93.8,76,114,426
7007744171,2016-04-18 17:00:00,93.8,78,116,371
7007744171,2016-04-18 18:00:00,87.8,80,96,352
7007744171,2016-04-18 19:00:00,90.3,80,128,374
7007744171,2016-04-18 20:00:00,90.0,85,99,305
7007744171,2016-04-18 21:00:00,87.3,80,102,339
7007744171,2016-04-18 22:00:00,90.5,84,105,52
7007744171,2016-04-19 06:00:00,101.2,83,115,179
7007744171,2016-04-19 07:00:00,99.7,86,130,470
7007744171,2016-04-19 08:00:00,113.7,89,136,496
7007744171,2016-04-19 09:00:00,99.3,78,121,425
7007744171,2016-04-19 10:00:00,93.3,80,133,361
7007744171,2016-04-19 11:00:00,93.5,80,110,387
7007744171,2016-04-19 12:00:00,86.9,69,107,359
7007744171,2016-04-19 13:00:00,83.4,68,103,327
7007744171,2016-04-19 14:00:00,90.2,72,113,385
7007744171,2016-04-19 15:00:00,90.5,67,111,382
7007744171,2016-04-19 16:00:00,93.0,79,114,394
7007744171,2016-04-19 17:00:00,98.0,69,138,409
7007744171,2016-04-19 18:00:00,94.9,79,112,365
7007744171,2016-04-19 19:00:00,94.4,73,112,385
7007744171,2016-04-19 20:00:00,80.0,68,103,355
7007744171,2016-04-19 21:00:00,74.1,70,84,58
7007744171,2016-04-20 05:00:00,84.0,84,84,6
7007744171,2016-04-20 06:00:00,92.6,70,108,307
7007744171,2016-04-20 07:00:00,89.4,78,108,404
7007744171,2016-04-20 08:00:00,132.1,93,151,495
7007744171,2016-04-20 09:00:00,111.9,87,138,465
7007744171,2016-04-20 10:00:00,83.4,76,108,335
7007744171,2016-04-20 11:00:00,90.0,79,112,399
7007744171,2016-04-20 12:00:00,90.7,77,119,405
7007744171,2016-04-20 13:00:00,92.5,70,115,386
7007744171,2016-04-20 14:00:00,92.2,78,105,380
7007744171,2016-04-20 15:00:00,82.8,76,106,353
7007744171,2016-04-20 16:00:00,94.8,80,114,384
7007744171,2016-04-20 17:00:00,97.4,85,115,394
7007744171,2016-04-20 18:00:00,98.6,81,111,410
7007744171,2016-04-20 19:00:00,96.4,77,121,433
7007744171,2016-04-20 20:00:00,90.3,70,115,326
7007744171,2016-04-20 21:00:00,70.0,70,70,4
7007744171,2016-04-21 06:00:00,98.5,70,118,331
7007744171,2016-04-21 07:00:00,94.8,77,118,402
7007744171,2016-04-21 08:00:00,109.8,78,136,435
7007744171,2016-04-21 09:00:00,107.0,87,124,451
7007744171,2016-04-21 10:00:00,92.5,78,116,388
7007744171,2016-04-21 11:00:00,86.4,75,100,365
7007744171,2016-04-21 12:00:00,86.2,72,119,375
7007744171,2016-04-21 13:00:00,99.5,87,121,418
7007744171,2016-04-21 14:00:00,94.0,70,118,363
7007744171,2016-04-21 15:00:00,88.6,79,104,375
7007744171,2016-04-21 16:00:00,92.9,77,131,389
7007744171,2016-04-21 17:00:00,84.1,71,103,348
7007744171,2016-04-21 18:00:00,85.9,70,102,307
7007744171,2016-04-21 19:00:00,85.9,74,115,364
7007744171,2016-04-21 20:00:00,75.4,67,91,352
7007744171,2016-04-21 21:00:00,73.6,64,91,157
7007744171,2016-04-22 06:00:00,89.5,70,102,178
7007744171,2016-04-22 07:00:00,81.9,70,115,395
7007744171,2016-04-22 08:00:00,115.1,75,135,511
7007744171,2016-04-22 09:00:00,97.4,70,134,398
7007744171,2016-04-22 10:00:00,80.2,68,92,339
7007744171,2016-04-22 11:00:00,88.1,76,107,370
7007744171,2016-04-22 12:00:00,85.1,71,98,379
7007744171,2016-04-22 13:00:00,92.5,87,102,339
7007744171,2016-04-22 14:00:00,93.2,86,100,166
7007744171,2016-04-22 15:00:00,85.4,69,112,337
7007744171,2016-04-22 16:00:00,106.9,89,140,468
7007744171,2016-04-22 17:00:00,103.3,78,128,461
7007744171,2016-04-22 18:00:00,82.2,68,106,376
7007744171,2016-04-22 19:00:00,112.3,72,156,494
7007744171,2016-04-22 20:00:00,89.5,64,121,362
7007744171,2016-04-22 21:00:00,68.5,57,80,252
7007744171,2016-04-23 06:00:00,88.6,72,107,273
7007744171,2016-04-23 07:00:00,92.0,75,118,396
7007744171,2016-04-23 08:00:00,100.6,66,135,455
7007744171,2016-04-23 09:00:00,82.6,73,108,246
7007744171,2016-04-23 10:00:00,81.8,69,110,390
7007744171,2016-04-23 11:00:00,100.2,72,117,493
7007744171,2016-04-23 12:00:00,91.4,74,113,407
7007744171,2016-04-23 13:00:00,101.4,82,119,368
7007744171,2016-04-23 17:00:00,90.0,70,100,6
7007744171,2016-04-24 06:00:00,95.8,84,122,164
7007744171,2016-04-24 07:00:00,87.3,73,103,397
7007744171,2016-04-24 08:00:00,90.8,66,111,431
7007744171,2016-04-24 09:00:00,98.1,78,118,457
7007744171,2016-04-24 10:00:00,99.2,70,116,433
7007744171,2016-04-24 11:00:00,86.4,70,110,387
7007744171,2016-04-24 12:00:00,97.5,77,118,426
7007744171,2016-04-24 13:00:00,100.3,84,120,448
7007744171,2016-04-24 14:00:00,97.1,85,110,418
7007744171,2016-04-24 15:00:00,95.6,83,110,424
7007744171,2016-04-24 16:00:00,101.7,89,121,151
7007744171,2016-04-24 17:00:00,121.0,121,121,2
7007744171,2016-04-25 06:00:00,95.3,60,113,319
7007744171,2016-04-25 07:00:00,106.0,83,130,476
7007744171,2016-04-25 08:00:00,111.4,94,137,506
7007744171,2016-04-25 09:00:00,106.1,83,133,473
7007744171,2016-04-25 10:00:00,105.2,89,124,471
7007744171,2016-04-25 11:00:00,86.8,76,108,352
7007744171,2016-04-25 12:00:00,97.5,78,116,465
7007744171,2016-04-25 13:00:00,97.1,70,123,467
7007744171,2016-04-25 14:00:00,85.8,70,108,377
7007744171,2016-04-25 15:00:00,88.2,68,105,387
7007744171,2016-04-25 16:00:00,75.9,64,97,360
7007744171,2016-04-25 17:00:00,82.5,68,114,410
7007744171,2016-04-25 18:00:00,92.3,79,114,427
7007744171,2016-04-25 19:00:00,82.1,73,99,369
7007744171,2016-04-25 20:00:00,91.5,72,111,334
7007744171,2016-04-26 05:00:00,76.5,70,83,4
7007744171,2016-04-26 06:00:00,97.7,70,131,335
7007744171,2016-04-26 07:00:00,92.1,75,119,418
7007744171,2016-04-26 08:00:00,78.4,68,103,433
7007744171,2016-04-26 09:00:00,93.9,65,137,459
7007744171,2016-04-26 10:00:00,100.2,74,143,519
7007744171,2016-04-26 11:00:00,98.4,77,130,485
7007744171,2016-04-26 12:00:00,107.5,77,140,512
7007744171,2016-04-26 13:00:00,86.4,75,109,421
7007744171,2016-04-26 14:00:00,79.3,69,99,378
7007744171,2016-04-26 15:00:00,90.1,70,120,453
7007744171,2016-04-26 16:00:00,97.7,77,116,360
7007744171,2016-04-26 17:00:00,91.5,75,112,404
7007744171,2016-04-26 18:00:00,89.7,70,117,417
7007744171,2016-04-26 19:00:00,82.5,74,102,348
7007744171,2016-04-26 20:00:00,79.4,71,92,335
7007744171,2016-04-26 21:00:00,77.9,63,92,357
7007744171,2016-04-26 22:00:00,91.4,73,116,407
7007744171,2016-04-26 23:00:00,69.6,63,81,84
7007744171,2016-04-27 06:00:00,94.2,77,122,327
7007744171,2016-04-27 07:00:00,88.8,71,109,432
7007744171,2016-04-27 08:00:00,113.2,77,137,505
7007744171,2016-04-27 09:00:00,103.0,82,129,405
7007744171,2016-04-27 10:00:00,84.1,71,106,354
7007744171,2016-04-27 11:00:00,85.8,72,111,390
7007744171,2016-04-27 12:00:00,95.4,74,117,402
7007744171,2016-04-27 13:00:00,96.6,76,121,418
7007744171,2016-04-27 14:00:00,89.4,78,111,382
7007744171,2016-04-27 15:00:00,102.3,83,130,419
7007744171,2016-04-27 16:00:00,93.2,77,122,397
7007744171,2016-04-27 17:00:00,103.4,85,130,440
7007744171,2016-04-27 18:00:00,95.6,84,114,313
7007744171,2016-04-27 19:00:00,87.4,76,113,315
7007744171,2016-04-27 20:00:00,81.6,72,101,262
7007744171,2016-04-28 06:00:00,94.5,70,142,320
7007744171,2016-04-28 07:00:00,91.0,70,133,434
7007744171,2016-04-28 08:00:00,92.4,64,117,466
7007744171,2016-04-28 09:00:00,103.0,93,118,500
7007744171,2016-04-28 10:00:00,111.2,89,152,527
7007744171,2016-04-28 11:00:00,101.9,74,125,463
7007744171,2016-04-28 12:00:00,96.5,80,113,223
7007744171,2016-04-28 13:00:00,100.5,87,119,355
7007744171,2016-04-28 14:00:00,85.8,69,118,388
7007744171,2016-04-28 15:00:00,76.6,66,93,375
7007744171,2016-04-28 16:00:00,75.5,62,115,372
7007744171,2016-04-28 17:00:00,79.6,69,99,337
7007744171,2016-04-28 18:00:00,81.3,67,105,374
7007744171,2016-04-28 19:00:00,83.1,67,115,450
7007744171,2016-04-28 20:00:00,78.6,60,132,402
7007744171,2016-04-28 21:00:00,64.5,58,76,324
7007744171,2016-04-29 06:00:00,89.9,67,108,254
7007744171,2016-04-29 07:00:00,101.8,79,116,408
7007744171,2016-04-29 08:00:00,109.4,92,123,435
7007744171,2016-04-29 09:00:00,92.2,69,120,417
7007744171,2016-04-29 10:00:00,84.3,70,145,367
7007744171,2016-04-29 11:00:00,81.0,63,120,420
7007744171,2016-04-29 12:00:00,90.2,71,111,400
7007744171,2016-04-29 13:00:00,86.9,74,111,391
7007744171,2016-04-29 14:00:00,97.2,84,125,499
7007744171,2016-04-29 15:00:00,92.7,79,114,389
7007744171,2016-04-29 16:00:00,95.0,79,117,381
7007744171,2016-04-29 17:00:00,105.1,78,142,482
7007744171,2016-04-29 18:00:00,94.2,66,132,462
7007744171,2016-04-29 19:00:00,100.1,75,137,486
7007744171,2016-04-29 20:00:00,87.2,71,111,407
7007744171,2016-04-29 21:00:00,87.9,71,108,357
7007744171,2016-04-30 07:00:00,89.9,82,103,112
7007744171,2016-04-30 08:00:00,89.2,68,110,419
7007744171,2016-04-30 09:00:00,100.7,73,124,378
7007744171,2016-04-30 10:00:00,78.4,62,114,379
7007744171,2016-04-30 11:00:00,74.6,63,96,371
7007744171,2016-04-30 12:00:00,76.4,66,97,366
7007744171,2016-04-30 13:00:00,86.8,67,120,294
7007744171,2016-04-30 14:00:00,80.6,70,102,354
7007744171,2016-04-30 15:00:00,74.3,64,99,345
7007744171,2016-04-30 16:00:00,76.7,67,98,344
7007744171,2016-04-30 17:00:00,87.2,68,110,351
7007744171,2016-04-30 18:00:00,75.4,61,113,361
7007744171,2016-04-30 19:00:00,74.2,62,92,346
7007744171,2016-04-30 20:00:00,72.0,64,88,360
7007744171,2016-04-30 21:00:00,74.2,64,101,342
7007744171,2016-04-30 22:00:00,77.4,70,92,99
7007744171,2016-04-30 23:00:00,70.0,70,70,4
7007744171,2016-05-01 06:00:00,70.0,70,70,2
7007744171,2016-05-01 07:00:00,87.0,57,104,251
7007744171,2016-05-01 08:00:00,81.8,64,109,329
7007744171,2016-05-01 09:00:00,85.8,66,120,395
7007744171,2016-05-01 10:00:00,73.6,59,99,376
7007744171,2016-05-01 11:00:00,68.0,59,89,331
7007744171,2016-05-01 12:00:00,76.8,60,106,352
7007744171,2016-05-01 13:00:00,110.9,96,128,439
7007744171,2016-05-01 14:00:00,84.6,68,100,382
7007744171,2016-05-01 15:00:00,84.5,69,110,397
7007744171,2016-05-01 16:00:00,93.2,74,112,422
7007744171,2016-05-01 17:00:00,82.1,70,106,336
7007744171,2016-05-01 18:00:00,84.0,70,92,332
7007744171,2016-05-01 19:00:00,83.8,74,102,307
7007744171,2016-05-01 21:00:00,107.0,107,107,4
7007744171,2016-05-02 06:00:00,92.1,70,112,339
7007744171,2016-05-02 07:00:00,80.5,69,102,388
7007744171,2016-05-02 08:00:00,112.7,82,134,470
7007744171,2016-05-02 09:00:00,106.3,86,123,408
7007744171,2016-05-02 10:00:00,105.9,79,147,470
7007744171,2016-05-02 11:00:00,87.6,68,106,373
7007744171,2016-05-02 12:00:00,82.0,71,98,369
7007744171,2016-05-02 13:00:00,73.8,63,95,357
7007744171,2016-05-02 14:00:00,80.5,64,98,361
7007744171,2016-05-02 15:00:00,80.8,71,99,355
7007744171,2016-05-02 16:00:00,75.5,64,92,350
7007744171,2016-05-02 17:00:00,85.5,69,104,383
7007744171,2016-05-02 18:00:00,74.1,64,93,349
7007744171,2016-05-02 19:00:00,69.4,58,96,372
7007744171,2016-05-02 20:00:00,68.2,60,79,327
7007744171,2016-05-02 21:00:00,81.4,70,94,90
7007744171,2016-05-03 06:00:00,100.6,79,121,266
7007744171,2016-05-03 07:00:00,107.5,79,138,458
7007744171,2016-05-03 08:00:00,107.8,85,130,412
7007744171,2016-05-03 09:00:00,94.5,72,122,408
7007744171,2016-05-03 10:00:00,83.8,72,102,359
7007744171,2016-05-03 11:00:00,92.9,72,112,422
7007744171,2016-05-03 12:00:00,94.1,72,116,408
7007744171,2016-05-03 13:00:00,103.9,83,138,428
7007744171,2016-05-03 14:00:00,86.5,65,122,390
7007744171,2016-05-03 15:00:00,86.5,70,106,372
7007744171,2016-05-03 16:00:00,84.3,66,109,392
7007744171,2016-05-03 17:00:00,94.7,72,112,382
7007744171,2016-05-03 18:00:00,89.5,75,106,320
7007744171,2016-05-03 19:00:00,81.2,70,108,350
7007744171,2016-05-03 20:00:00,95.4,73,131,379
7007744171,2016-05-03 21:00:00,82.9,68,106,293
7007744171,2016-05-05 06:00:00,94.9,70,113,279
7007744171,2016-05-05 07:00:00,103.2,76,130,394
7007744171,2016-05-05 08:00:00,107.3,81,125,427
7007744171,2016-05-05 09:00:00,109.6,85,133,446
7007744171,2016-05-05 10:00:00,103.7,75,125,423
7007744171,2016-05-05 11:00:00,90.1,78,102,350
7007744171,2016-05-05 12:00:00,94.7,73,113,182
7007744171,2016-05-05 13:00:00,101.9,70,121,197
7007744171,2016-05-05 14:00:00,97.4,82,118,389
7007744171,2016-05-05 15:00:00,96.1,83,122,424
7007744171,2016-05-05 16:00:00,93.9,78,113,417
7007744171,2016-05-05 17:00:00,88.7,76,110,395
7007744171,2016-05-05 18:00:00,90.1,79,115,397
7007744171,2016-05-05 19:00:00,87.0,75,110,105
7007744171,2016-05-06 05:00:00,96.5,89,110,19
7007744171,2016-05-06 06:00:00,116.4,88,166,614
7007744171,2016-05-06 07:00:00,97.2,70,121,468
7007744171,2016-05-06 08:00:00,103.9,80,135,338
7007744171,2016-05-06 09:00:00,94.4,77,120,431
7007744171,2016-05-06 10:00:00,77.7,69,96,334
7007744171,2016-05-06 11:00:00,82.8,67,109,385
7007744171,2016-05-06 12:00:00,82.1,69,102,394
7007744171,2016-05-06 13:00:00,87.8,72,112,392
7007744171,2016-05-06 14:00:00,76.1,67,99,342
7007744171,2016-05-06 15:00:00,79.7,66,107,413
7007744171,2016-05-06 16:00:00,73.0,63,96,349
7007744171,2016-05-06 17:00:00,73.8,62,97,348
7007744171,2016-05-06 18:00:00,80.0,62,102,355
7007744171,2016-05-06 19:00:00,81.8,68,130,332
7007744171,2016-05-06 20:00:00,75.1,64,97,366
8792009665,2016-04-12 00:00:00,70.0,70,70,2
8792009665,2016-04-12 01:00:00,70.0,70,70,2
8792009665,2016-04-12 02:00:00,65.1,59,128,242
8792009665,2016-04-12 03:00:00,58.9,54,64,316
8792009665,2016-04-12 04:00:00,60.7,56,107,310
8792009665,2016-04-12 05:00:00,59.2,52,81,328
8792009665,2016-04-12 06:00:00,58.4,54,92,325
8792009665,2016-04-12 07:00:00,58.3,48,81,339
8792009665,2016-04-12 08:00:00,59.0,51,106,338
8792009665,2016-04-12 09:00:00,58.0,53,118,333
8792009665,2016-04-12 10:00:00,71.1,54,102,380
8792009665,2016-04-12 11:00:00,66.0,59,88,364
8792009665,2016-04-12 12:00:00,83.8,59,123,379
8792009665,2016-04-12 13:00:00,78.7,71,92,391
8792009665,2016-04-12 14:00:00,75.9,71,84,359
8792009665,2016-04-12 15:00:00,77.5,64,111,363
8792009665,2016-04-12 16:00:00,70.0,58,100,348
8792009665,2016-04-12 17:00:00,71.2,70,84,156
8792009665,2016-04-12 18:00:00,86.7,62,135,316
8792009665,2016-04-12 19:00:00,81.8,60,117,483
8792009665,2016-04-12 20:00:00,67.0,56,89,378
8792009665,2016-04-12 21:00:00,62.2,53,98,360
8792009665,2016-04-12 22:00:00,66.5,57,91,377
8792009665,2016-04-12 23:00:00,70.2,54,97,398
8792009665,2016-04-13 00:00:00,70.4,56,108,393
8792009665,2016-04-13 01:00:00,66.6,59,98,194
8792009665,2016-04-13 02:00:00,65.4,60,74,264
8792009665,2016-04-13 03:00:00,65.5,53,76,327
8792009665,2016-04-13 04:00:00,63.1,54,76,325
8792009665,2016-04-13 05:00:00,63.1,56,91,162
8792009665,2016-04-13 06:00:00,59.4,53,104,323
8792009665,2016-04-13 07:00:00,58.0,50,99,347
8792009665,2016-04-13 08:00:00,55.0,45,86,339
8792009665,2016-04-13 09:00:00,57.0,51,78,336
8792009665,2016-04-13 10:00:00,63.1,43,96,353
8792009665,2016-04-13 11:00:00,70.9,58,105,402
8792009665,2016-04-13 12:00:00,74.1,62,86,375
8792009665,2016-04-13 13:00:00,77.2,65,119,395
8792009665,2016-04-13 14:00:00,67.5,59,80,383
8792009665,2016-04-13 15:00:00,68.3,60,111,390
8792009665,2016-04-13 16:00:00,62.1,56,75,363
8792009665,2016-04-13 17:00:00,68.8,59,97,286
8792009665,2016-04-13 18:00:00,81.3,64,101,132
8792009665,2016-04-13 19:00:00,84.6,71,121,434
8792009665,2016-04-13 20:00:00,78.4,68,104,392
8792009665,2016-04-13 21:00:00,73.0,63,82,378
8792009665,2016-04-13 22:00:00,71.9,65,105,384
8792009665,2016-04-13 23:00:00,73.1,64,87,367
8792009665,2016-04-14 00:00:00,81.2,59,124,401
8792009665,2016-04-14 01:00:00,74.9,62,110,352
8792009665,2016-04-14 02:00:00,63.1,54,82,332
8792009665,2016-04-14 03:00:00,63.7,57,79,308
8792009665,2016-04-14 04:00:00,61.7,54,85,279
8792009665,2016-04-14 05:00:00,55.8,47,73,341
8792009665,2016-04-14 06:00:00,60.1,51,106,300
8792009665,2016-04-14 07:00:00,59.3,52,86,341
8792009665,2016-04-14 08:00:00,55.8,49,75,343
8792009665,2016-04-14 09:00:00,58.4,51,105,319
8792009665,2016-04-14 10:00:00,57.3,46,78,339
8792009665,2016-04-14 11:00:00,74.4,58,100,410
8792009665,2016-04-14 12:00:00,76.0,65,101,381
8792009665,2016-04-14 13:00:00,76.3,64,87,369
8792009665,2016-04-14 14:00:00,74.2,58,83,391
8792009665,2016-04-14 15:00:00,70.9,57,93,387
8792009665,2016-04-14 16:00:00,70.4,64,83,360
8792009665,2016-04-14 17:00:00,80.4,66,119,221
8792009665,2016-04-14 18:00:00,81.4,63,110,232
8792009665,2016-04-14 21:00:00,72.7,61,105,249
8792009665,2016-04-14 22:00:00,71.9,62,89,416
8792009665,2016-04-14 23:00:00,77.5,67,96,390
8792009665,2016-04-15 00:00:00,76.1,60,116,392
8792009665,2016-04-15 01:00:00,64.4,56,83,374
8792009665,2016-04-15 02:00:00,68.5,59,98,367
8792009665,2016-04-15 03:00:00,66.0,61,83,298
8792009665,2016-04-15 04:00:00,64.7,56,88,320
8792009665,2016-04-15 05:00:00,65.1,50,81,352
8792009665,2016-04-15 06:00:00,66.8,57,96,328
8792009665,2016-04-15 07:00:00,62.8,54,98,197
8792009665,2016-04-15 08:00:00,60.9,56,98,307
8792009665,2016-04-15 09:00:00,63.4,49,103,283
8792009665,2016-04-15 10:00:00,71.6,66,102,214
8792009665,2016-04-15 11:00:00,72.2,65,97,173
8792009665,2016-04-20 01:00:00,72.8,57,117,18
8792009665,2016-04-20 02:00:00,57.9,54,107,330
8792009665,2016-04-20 03:00:00,57.2,54,61,301
8792009665,2016-04-20 04:00:00,57.4,48,82,344
8792009665,2016-04-20 05:00:00,55.8,53,72,310
8792009665,2016-04-20 06:00:00,57.1,49,68,314
8792009665,2016-04-20 07:00:00,52.8,44,66,331
8792009665,2016-04-20 08:00:00,60.4,55,63,291
8792009665,2016-04-20 09:00:00,56.4,44,96,324
8792009665,2016-04-20 10:00:00,63.1,52,87,239
8792009665,2016-04-20 11:00:00,68.7,54,93,365
8792009665,2016-04-20 12:00:00,78.1,61,114,386
8792009665,2016-04-20 13:00:00,71.7,61,82,328
8792009665,2016-04-20 14:00:00,74.9,66,92,351
8792009665,2016-04-20 15:00:00,72.7,64,84,363
8792009665,2016-04-20 16:00:00,71.6,62,102,382
8792009665,2016-04-20 17:00:00,96.7,70,120,389
8792009665,2016-04-20 18:00:00,78.2,68,97,389
8792009665,2016-04-20 19:00:00,79.6,70,112,394
8792009665,2016-04-20 20:00:00,84.9,68,112,448
8792009665,2016-04-20 21:00:00,76.6,59,102,408
8792009665,2016-04-20 22:00:00,65.9,54,94,398
8792009665,2016-04-20 23:00:00,71.2,55,86,362
8792009665,2016-04-21 00:00:00,81.0,66,108,180
8792009665,2016-04-21 10:00:00,70.0,70,70,2
8792009665,2016-04-21 13:00:00,75.0,75,75,2
8792009665,2016-04-22 00:00:00,70.8,46,123,29
8792009665,2016-04-22 01:00:00,76.9,68,123,366
8792009665,2016-04-22 02:00:00,67.6,64,98,274
8792009665,2016-04-22 03:00:00,65.7,59,79,294
8792009665,2016-04-22 04:00:00,65.6,63,68,317
8792009665,2016-04-22 05:00:00,59.3,49,93,312
8792009665,2016-04-22 06:00:00,60.1,55,78,309
8792009665,2016-04-22 07:00:00,57.1,45,80,333
8792009665,2016-04-22 08:00:00,62.1,44,107,340
8792009665,2016-04-22 09:00:00,63.2,54,108,401
8792009665,2016-04-22 10:00:00,65.3,56,81,389
8792009665,2016-04-22 11:00:00,68.2,56,116,433
8792009665,2016-04-22 12:00:00,66.5,55,113,388
8792009665,2016-04-22 13:00:00,68.8,59,85,396
8792009665,2016-04-22 14:00:00,67.1,53,75,365
8792009665,2016-04-22 15:00:00,68.9,56,100,402
8792009665,2016-04-22 16:00:00,86.9,61,115,381
8792009665,2016-04-22 17:00:00,89.8,68,113,433
8792009665,2016-04-22 18:00:00,88.1,63,131,394
8792009665,2016-04-22 19:00:00,90.4,65,114,406
8792009665,2016-04-22 20:00:00,82.6,61,114,392
8792009665,2016-04-22 21:00:00,60.3,54,73,339
8792009665,2016-04-22 22:00:00,59.6,53,75,367
8792009665,2016-04-22 23:00:00,61.4,54,72,369
8792009665,2016-04-23 00:00:00,72.9,57,117,379
8792009665,2016-04-23 01:00:00,76.6,61,119,368
8792009665,2016-04-23 02:00:00,66.6,58,89,336
8792009665,2016-04-23 03:00:00,61.6,56,74,341
8792009665,2016-04-23 04:00:00,65.0,56,78,289
8792009665,2016-04-23 05:00:00,67.0,51,81,331
8792009665,2016-04-23 06:00:00,69.0,60,90,337
8792009665,2016-04-23 07:00:00,61.3,48,93,359
8792009665,2016-04-23 08:00:00,61.1,52,90,333
8792009665,2016-04-23 09:00:00,75.4,55,115,391
8792009665,2016-04-23 10:00:00,92.5,77,130,221
8792009665,2016-04-23 11:00:00,86.9,68,112,475
8792009665,2016-04-23 12:00:00,79.2,68,103,394
8792009665,2016-04-23 13:00:00,106.8,81,141,476
8792009665,2016-04-23 14:00:00,88.4,70,118,402
8792009665,2016-04-23 15:00:00,86.7,69,123,413
8792009665,2016-04-23 16:00:00,87.4,66,124,477
8792009665,2016-04-23 17:00:00,89.1,75,112,417
8792009665,2016-04-23 18:00:00,90.2,74,115,427
8792009665,2016-04-23 19:00:00,78.6,70,91,359
8792009665,2016-04-23 20:00:00,77.2,62,104,421
8792009665,2016-04-23 21:00:00,70.7,61,103,385
8792009665,2016-04-23 22:00:00,66.7,58,82,391
8792009665,2016-04-23 23:00:00,70.3,60,84,373
8792009665,2016-04-24 00:00:00,67.0,57,87,365
8792009665,2016-04-24 01:00:00,86.8,55,120,308
8792009665,2016-04-26 09:00:00,66.5,55,112,217
8792009665,2016-04-26 10:00:00,61.6,55,73,357
8792009665,2016-04-26 11:00:00,62.9,54,105,345
8792009665,2016-04-26 12:00:00,69.7,56,110,216
8792009665,2016-04-26 13:00:00,69.8,59,84,364
8792009665,2016-04-26 14:00:00,70.4,57,91,371
8792009665,2016-04-26 15:00:00,66.7,59,83,361
8792009665,2016-04-26 16:00:00,65.0,55,83,388
8792009665,2016-04-26 17:00:00,76.6,56,101,425
8792009665,2016-04-26 18:00:00,86.0,67,114,413
8792009665,2016-04-26 19:00:00,78.6,70,101,357
8792009665,2016-04-26 20:00:00,70.7,59,100,375
8792009665,2016-04-26 21:00:00,66.3,58,90,401
8792009665,2016-04-26 22:00:00,67.2,61,77,376
8792009665,2016-04-26 23:00:00,65.3,58,97,382
8792009665,2016-04-27 00:00:00,82.7,61,127,406
8792009665,2016-04-27 01:00:00,73.5,57,120,359
8792009665,2016-04-27 02:00:00,63.7,59,70,340
8792009665,2016-04-27 03:00:00,62.2,55,84,311
8792009665,2016-04-27 04:00:00,54.0,43,63,339
8792009665,2016-04-27 05:00:00,55.7,44,75,342
8792009665,2016-04-27 06:00:00,57.4,53,75,333
8792009665,2016-04-27 07:00:00,55.5,45,82,353
8792009665,2016-04-27 08:00:00,54.0,46,58,289
8792009665,2016-04-27 09:00:00,69.3,51,125,396
8792009665,2016-04-27 10:00:00,62.1,55,77,358
8792009665,2016-04-27 11:00:00,68.0,55,107,392
8792009665,2016-04-27 12:00:00,69.9,60,83,392
8792009665,2016-04-27 13:00:00,70.5,59,124,394
8792009665,2016-04-27 14:00:00,69.2,61,81,379
8792009665,2016-04-27 15:00:00,68.8,59,83,340
8792009665,2016-04-27 16:00:00,77.1,67,98,268
8792009665,2016-04-27 17:00:00,98.0,70,132,151
8792009665,2016-04-27 18:00:00,87.0,66,104,383
8792009665,2016-04-27 19:00:00,75.7,62,103,361
8792009665,2016-04-27 20:00:00,71.2,56,97,395
8792009665,2016-04-27 21:00:00,71.9,62,97,391
8792009665,2016-04-27 22:00:00,72.2,65,81,368
8792009665,2016-04-27 23:00:00,70.1,63,92,366
8792009665,2016-04-28 00:00:00,73.4,61,107,385
8792009665,2016-04-28 01:00:00,67.4,55,104,397
8792009665,2016-04-28 02:00:00,68.9,53,121,379
8792009665,2016-04-28 03:00:00,56.6,53,59,310
8792009665,2016-04-28 04:00:00,52.6,46,60,322
8792009665,2016-04-28 05:00:00,53.6,44,66,337
8792009665,2016-04-28 06:00:00,59.6,52,81,311
8792009665,2016-04-28 07:00:00,60.9,51,70,241
8792009665,2016-04-28 08:00:00,56.7,50,104,328
8792009665,2016-04-28 09:00:00,70.4,47,122,389
8792009665,2016-04-28 10:00:00,80.6,62,114,449
8792009665,2016-04-28 11:00:00,74.5,61,114,401
8792009665,2016-04-28 12:00:00,74.0,63,87,387
8792009665,2016-04-28 13:00:00,85.7,68,126,401
8792009665,2016-04-28 14:00:00,91.2,70,125,400
8792009665,2016-04-28 15:00:00,87.7,63,110,462
8792009665,2016-04-28 16:00:00,88.6,74,111,489
8792009665,2016-04-28 17:00:00,94.3,68,134,476
8792009665,2016-04-28 18:00:00,94.7,74,112,462
8792009665,2016-04-28 19:00:00,97.2,72,120,432
8792009665,2016-04-28 20:00:00,89.4,74,129,424
8792009665,2016-04-28 21:00:00,74.9,62,85,390
8792009665,2016-04-28 22:00:00,71.2,61,80,392
8792009665,2016-04-28 23:00:00,75.8,65,114,410
8792009665,2016-04-29 00:00:00,81.8,62,117,434
8792009665,2016-04-29 01:00:00,81.4,63,114,387
8792009665,2016-04-29 02:00:00,70.9,57,120,351
8792009665,2016-04-29 03:00:00,62.1,59,65,329
8792009665,2016-04-29 04:00:00,58.6,50,74,331
8792009665,2016-04-29 05:00:00,64.3,56,87,331
8792009665,2016-04-29 06:00:00,66.6,52,74,327
8792009665,2016-04-29 07:00:00,60.6,48,76,350
8792009665,2016-04-29 08:00:00,63.6,54,71,308
8792009665,2016-04-29 09:00:00,81.2,59,98,416
8792009665,2016-04-29 10:00:00,93.8,72,158,487
8792009665,2016-04-29 11:00:00,83.1,60,133,412
8792009665,2016-04-29 12:00:00,67.3,56,101,388
8792009665,2016-04-29 13:00:00,69.0,57,108,373
8792009665,2016-04-29 14:00:00,100.2,79,133,503
8792009665,2016-04-29 15:00:00,94.1,75,120,464
8792009665,2016-04-29 16:00:00,95.5,73,118,496
8792009665,2016-04-29 17:00:00,91.7,72,112,497
8792009665,2016-04-29 18:00:00,89.5,60,111,443
8792009665,2016-04-29 19:00:00,88.8,74,118,435
8792009665,2016-04-29 20:00:00,93.2,74,120,469
8792009665,2016-04-29 21:00:00,79.5,65,106,300
8792009665,2016-04-29 23:00:00,87.6,74,100,76
8792009665,2016-04-30 00:00:00,75.7,63,112,364
8792009665,2016-04-30 01:00:00,75.5,66,94,331
8792009665,2016-04-30 02:00:00,72.0,63,105,292
8792009665,2016-04-30 03:00:00,63.5,56,97,238
8792009665,2016-04-30 04:00:00,65.9,59,71,274
8792009665,2016-04-30 05:00:00,65.9,60,72,316
8792009665,2016-04-30 06:00:00,65.8,57,86,325
8792009665,2016-04-30 07:00:00,60.6,48,106,362
8792009665,2016-04-30 08:00:00,67.9,49,94,312
8792009665,2016-04-30 09:00:00,89.9,59,132,403
8792009665,2016-04-30 10:00:00,89.3,78,122,415
8792009665,2016-04-30 11:00:00,85.1,72,107,398
8792009665,2016-04-30 12:00:00,85.1,65,113,430
8792009665,2016-04-30 13:00:00,88.1,64,111,426
8792009665,2016-04-30 14:00:00,85.8,70,107,433
8792009665,2016-04-30 15:00:00,96.6,79,127,392
8792009665,2016-04-30 16:00:00,89.2,78,115,400
8792009665,2016-04-30 17:00:00,93.2,84,116,366
8792009665,2016-04-30 18:00:00,97.2,69,127,461
8792009665,2016-04-30 19:00:00,96.8,73,130,471
8792009665,2016-04-30 20:00:00,82.4,65,103,430
8792009665,2016-04-30 21:00:00,83.3,69,115,422
8792009665,2016-04-30 22:00:00,73.4,64,100,372
8792009665,2016-04-30 23:00:00,73.2,58,96,389
8792009665,2016-05-01 00:00:00,71.6,60,99,355
8792009665,2016-05-01 01:00:00,63.2,60,72,288
8792009665,2016-05-01 02:00:00,64.6,54,79,333
8792009665,2016-05-01 03:00:00,62.7,58,69,317
8792009665,2016-05-01 04:00:00,64.6,52,86,294
8792009665,2016-05-01 05:00:00,62.8,54,70,329
8792009665,2016-05-01 06:00:00,64.5,50,93,323
8792009665,2016-05-01 07:00:00,57.7,50,76,317
8792009665,2016-05-01 08:00:00,57.6,50,112,340
8792009665,2016-05-01 09:00:00,55.2,43,90,334
8792009665,2016-05-01 10:00:00,67.2,58,99,408
8792009665,2016-05-01 11:00:00,76.6,58,123,409
8792009665,2016-05-01 12:00:00,73.1,60,84,381
8792009665,2016-05-01 13:00:00,73.0,60,117,382
8792009665,2016-05-01 14:00:00,78.9,49,110,281
8792009665,2016-05-01 15:00:00,69.8,61,103,401
8792009665,2016-05-01 16:00:00,64.9,56,87,398
8792009665,2016-05-01 17:00:00,62.5,54,103,398
8792009665,2016-05-01 18:00:00,80.3,55,100,401
8792009665,2016-05-01 19:00:00,75.8,66,101,384
8792009665,2016-05-01 20:00:00,70.6,60,99,386
8792009665,2016-05-01 21:00:00,66.1,56,87,373
8792009665,2016-05-01 22:00:00,66.4,58,81,398
8792009665,2016-05-01 23:00:00,71.1,61,106,383
8792009665,2016-05-02 00:00:00,77.7,59,119,412
8792009665,2016-05-02 01:00:00,70.4,57,107,356
8792009665,2016-05-02 02:00:00,68.6,58,119,356
8792009665,2016-05-02 03:00:00,61.3,57,68,278
8792009665,2016-05-02 04:00:00,62.6,53,76,311
8792009665,2016-05-02 05:00:00,63.1,58,74,320
8792009665,2016-05-02 06:00:00,55.1,45,74,347
8792009665,2016-05-02 07:00:00,58.5,49,74,324
8792009665,2016-05-02 08:00:00,58.4,48,89,323
8792009665,2016-05-02 09:00:00,64.6,52,111,334
8792009665,2016-05-02 10:00:00,62.2,56,74,352
8792009665,2016-05-02 11:00:00,75.6,56,129,409
8792009665,2016-05-02 12:00:00,78.9,70,101,367
8792009665,2016-05-02 13:00:00,73.8,67,87,365
8792009665,2016-05-02 14:00:00,72.4,65,84,363
8792009665,2016-05-02 15:00:00,68.4,58,90,378
8792009665,2016-05-02 16:00:00,71.7,59,87,323
8792009665,2016-05-02 17:00:00,70.0,70,70,103
8792009665,2016-05-02 18:00:00,65.2,55,108,346
8792009665,2016-05-02 19:00:00,60.0,55,67,368
8792009665,2016-05-02 20:00:00,62.5,53,95,364
8792009665,2016-05-02 21:00:00,59.8,50,80,360
8792009665,2016-05-02 22:00:00,75.0,63,91,394
8792009665,2016-05-02 23:00:00,75.4,62,90,364
8792009665,2016-05-03 00:00:00,76.9,64,113,366
8792009665,2016-05-03 01:00:00,78.1,63,106,389
8792009665,2016-05-03 02:00:00,64.2,57,70,298
8792009665,2016-05-03 03:00:00,68.2,59,84,266
8792009665,2016-05-03 04:00:00,63.6,50,111,346
8792009665,2016-05-03 05:00:00,65.8,56,74,326
8792009665,2016-05-03 06:00:00,61.1,49,97,346
8792009665,2016-05-03 07:00:00,58.9,45,112,325
8792009665,2016-05-03 08:00:00,59.3,49,84,342
8792009665,2016-05-03 09:00:00,57.8,48,98,285
8792009665,2016-05-03 10:00:00,55.9,47,78,244
8792009665,2016-05-03 11:00:00,80.3,48,118,412
8792009665,2016-05-03 12:00:00,79.0,68,96,351
8792009665,2016-05-03 13:00:00,74.6,64,88,359
8792009665,2016-05-03 14:00:00,76.0,65,85,353
8792009665,2016-05-03 15:00:00,81.3,67,117,374
8792009665,2016-05-03 16:00:00,78.8,65,119,369
8792009665,2016-05-03 17:00:00,88.7,64,116,433
8792009665,2016-05-03 18:00:00,88.3,63,111,428
8792009665,2016-05-03 19:00:00,87.8,79,101,389
8792009665,2016-05-03 20:00:00,79.2,67,95,382
8792009665,2016-05-03 21:00:00,79.0,60,103,363
8792009665,2016-05-03 22:00:00,78.8,68,93,371
8792009665,2016-05-03 23:00:00,77.9,65,101,379
8792009665,2016-05-04 00:00:00,83.0,66,114,427
8792009665,2016-05-04 01:00:00,79.5,66,114,371
8792009665,2016-05-04 02:00:00,74.0,62,97,332
8792009665,2016-05-04 03:00:00,73.4,61,96,321
8792009665,2016-05-04 04:00:00,68.7,52,92,347
8792009665,2016-05-04 05:00:00,76.7,55,83,319
8792009665,2016-05-04 06:00:00,74.5,69,93,322
8792009665,2016-05-04 07:00:00,71.1,55,94,342
8792009665,2016-05-04 08:00:00,72.9,52,92,338
8792009665,2016-05-04 09:00:00,70.0,51,112,305
8792009665,2016-05-04 10:00:00,80.3,64,93,191
8877689391,2016-04-12 06:00:00,81.8,70,112,77
8877689391,2016-04-12 07:00:00,72.0,52,107,460
8877689391,2016-04-12 08:00:00,61.1,47,95,465
8877689391,2016-04-12 09:00:00,62.1,49,117,405
8877689391,2016-04-12 10:00:00,62.1,49,115,423
8877689391,2016-04-12 11:00:00,106.9,49,161,682
8877689391,2016-04-12 12:00:00,144.0,75,164,1274
8877689391,2016-04-12 13:00:00,70.6,61,96,450
8877689391,2016-04-12 14:00:00,65.3,58,73,436
8877689391,2016-04-12 15:00:00,77.5,57,113,454
8877689391,2016-04-12 16:00:00,76.5,58,102,425
8877689391,2016-04-12 17:00:00,77.7,62,103,494
8877689391,2016-04-12 18:00:00,91.7,58,126,539
8877689391,2016-04-12 19:00:00,72.9,54,94,465
8877689391,2016-04-12 20:00:00,73.4,59,93,452
8877689391,2016-04-12 21:00:00,76.0,64,108,442
8877689391,2016-04-12 22:00:00,73.0,62,93,337
8877689391,2016-04-13 06:00:00,79.5,69,91,6
8877689391,2016-04-13 07:00:00,72.4,59,95,470
8877689391,2016-04-13 08:00:00,62.1,53,101,427
8877689391,2016-04-13 09:00:00,62.1,52,104,423
8877689391,2016-04-13 10:00:00,64.1,52,105,458
8877689391,2016-04-13 11:00:00,64.5,50,98,443
8877689391,2016-04-13 12:00:00,94.9,54,160,501
8877689391,2016-04-13 13:00:00,60.9,54,86,435
8877689391,2016-04-13 14:00:00,60.9,54,80,434
8877689391,2016-04-13 15:00:00,65.0,53,105,448
8877689391,2016-04-13 16:00:00,73.1,57,109,419
8877689391,2016-04-13 17:00:00,111.3,69,143,1063
8877689391,2016-04-13 18:00:00,126.3,80,160,1554
8877689391,2016-04-13 19:00:00,75.7,57,124,447
8877689391,2016-04-13 20:00:00,71.5,57,93,428
8877689391,2016-04-13 21:00:00,69.1,57,97,423
8877689391,2016-04-13 22:00:00,66.3,57,79,198
8877689391,2016-04-14 06:00:00,79.4,70,85,50
8877689391,2016-04-14 07:00:00,71.3,57,98,462
8877689391,2016-04-14 08:00:00,65.4,53,105,442
8877689391,2016-04-14 09:00:00,64.4,50,97,457
8877689391,2016-04-14 10:00:00,60.2,52,93,438
8877689391,2016-04-14 11:00:00,66.4,52,108,426
8877689391,2016-04-14 12:00:00,69.1,57,94,363
8877689391,2016-04-14 13:00:00,65.6,58,81,403
8877689391,2016-04-14 14:00:00,63.7,52,91,442
8877689391,2016-04-14 15:00:00,74.0,52,111,458
8877689391,2016-04-14 16:00:00,150.7,70,169,1227
8877689391,2016-04-14 17:00:00,110.3,66,169,537
8877689391,2016-04-14 18:00:00,76.4,62,103,439
8877689391,2016-04-14 19:00:00,80.7,66,100,358
8877689391,2016-04-14 20:00:00,81.8,59,107,491
8877689391,2016-04-14 21:00:00,73.3,57,105,477
8877689391,2016-04-14 22:00:00,74.2,58,91,436
8877689391,2016-04-14 23:00:00,69.5,61,83,190
8877689391,2016-04-15 06:00:00,75.9,65,82,23
8877689391,2016-04-15 07:00:00,72.7,62,95,438
8877689391,2016-04-15 08:00:00,63.5,48,97,478
8877689391,2016-04-15 09:00:00,70.3,56,108,425
8877689391,2016-04-15 10:00:00,66.3,52,88,454
8877689391,2016-04-15 11:00:00,69.5,51,99,441
8877689391,2016-04-15 12:00:00,68.9,55,95,436
8877689391,2016-04-15 13:00:00,70.4,58,113,446
8877689391,2016-04-15 14:00:00,66.3,55,97,384
8877689391,2016-04-15 15:00:00,66.4,56,99,409
8877689391,2016-04-15 16:00:00,68.1,57,102,386
8877689391,2016-04-15 17:00:00,91.8,57,139,591
8877689391,2016-04-15 18:00:00,134.8,102,165,1794
8877689391,2016-04-15 19:00:00,125.5,70,158,1353
8877689391,2016-04-15 20:00:00,77.6,65,97,361
8877689391,2016-04-15 21:00:00,80.3,62,104,436
8877689391,2016-04-15 22:00:00,86.2,68,105,434
8877689391,2016-04-15 23:00:00,75.7,61,94,454
8877689391,2016-04-16 00:00:00,73.4,62,101,341
8877689391,2016-04-16 08:00:00,73.7,58,92,494
8877689391,2016-04-16 09:00:00,83.9,64,107,474
8877689391,2016-04-16 10:00:00,76.7,57,93,480
8877689391,2016-04-16 11:00:00,71.9,54,100,473
8877689391,2016-04-16 12:00:00,148.1,57,172,1209
8877689391,2016-04-16 13:00:00,129.0,67,170,529
8877689391,2016-04-16 14:00:00,85.4,73,102,445
8877689391,2016-04-16 15:00:00,83.6,68,104,452
8877689391,2016-04-16 16:00:00,79.7,66,103,425
8877689391,2016-04-16 17:00:00,79.8,57,103,490
8877689391,2016-04-16 18:00:00,82.7,63,128,472
8877689391,2016-04-16 19:00:00,79.6,68,90,438
8877689391,2016-04-16 20:00:00,77.7,64,99,395
8877689391,2016-04-16 21:00:00,77.3,67,101,404
8877689391,2016-04-16 22:00:00,71.9,62,96,408
8877689391,2016-04-16 23:00:00,85.4,64,117,502
8877689391,2016-04-17 00:00:00,79.6,61,114,467
8877689391,2016-04-17 01:00:00,77.2,57,115,508
8877689391,2016-04-17 02:00:00,76.3,59,112,490
8877689391,2016-04-17 03:00:00,68.5,64,81,151
8877689391,2016-04-17 10:00:00,76.3,67,84,82
8877689391,2016-04-17 11:00:00,72.1,55,109,411
8877689391,2016-04-17 12:00:00,60.7,51,95,480
8877689391,2016-04-17 13:00:00,63.8,51,106,443
8877689391,2016-04-17 14:00:00,63.8,51,82,419
8877689391,2016-04-17 15:00:00,60.2,53,117,444
8877689391,2016-04-17 16:00:00,67.6,56,93,484
8877689391,2016-04-17 17:00:00,103.5,64,154,928
8877689391,2016-04-17 18:00:00,133.3,78,167,1781
8877689391,2016-04-17 19:00:00,77.7,64,88,422
8877689391,2016-04-17 20:00:00,69.9,56,99,465
8877689391,2016-04-17 21:00:00,71.3,64,84,96
8877689391,2016-04-18 06:00:00,81.5,71,87,33
8877689391,2016-04-18 07:00:00,68.5,54,92,436
8877689391,2016-04-18 08:00:00,61.0,49,97,480
8877689391,2016-04-18 09:00:00,63.3,49,103,469
8877689391,2016-04-18 10:00:00,59.2,49,102,432
8877689391,2016-04-18 11:00:00,61.6,51,101,447
8877689391,2016-04-18 12:00:00,91.3,64,139,479
8877689391,2016-04-18 13:00:00,69.2,57,110,445
8877689391,2016-04-18 14:00:00,61.6,50,99,438
8877689391,2016-04-18 15:00:00,63.8,53,101,450
8877689391,2016-04-18 16:00:00,65.1,48,100,428
8877689391,2016-04-18 17:00:00,59.3,51,80,393
8877689391,2016-04-18 18:00:00,63.3,52,77,438
8877689391,2016-04-18 19:00:00,69.3,54,93,461
8877689391,2016-04-18 20:00:00,63.8,55,84,481
8877689391,2016-04-18 21:00:00,67.4,56,88,232
8877689391,2016-04-19 06:00:00,81.3,61,101,154
8877689391,2016-04-19 07:00:00,70.8,54,106,471
8877689391,2016-04-19 08:00:00,59.3,51,78,457
8877689391,2016-04-19 09:00:00,67.5,51,128,452
8877689391,2016-04-19 10:00:00,61.2,53,96,437
8877689391,2016-04-19 11:00:00,61.3,49,84,431
8877689391,2016-04-19 12:00:00,97.0,53,168,499
8877689391,2016-04-19 13:00:00,66.2,55,103,427
8877689391,2016-04-19 14:00:00,58.5,52,77,420
8877689391,2016-04-19 15:00:00,64.4,53,110,421
8877689391,2016-04-19 16:00:00,159.2,79,178,1375
8877689391,2016-04-19 17:00:00,87.7,67,115,418
8877689391,2016-04-19 18:00:00,76.3,64,90,380
8877689391,2016-04-19 19:00:00,76.3,62,91,433
8877689391,2016-04-19 20:00:00,72.7,64,90,444
8877689391,2016-04-19 21:00:00,72.9,61,101,455
8877689391,2016-04-19 22:00:00,68.5,60,83,203
8877689391,2016-04-20 06:00:00,72.6,60,85,89
8877689391,2016-04-20 07:00:00,74.1,58,131,442
8877689391,2016-04-20 08:00:00,65.7,52,97,486
8877689391,2016-04-20 09:00:00,64.6,55,88,453
8877689391,2016-04-20 10:00:00,64.3,55,99,418
8877689391,2016-04-20 11:00:00,67.5,52,103,484
8877689391,2016-04-20 12:00:00,73.0,52,158,485
8877689391,2016-04-20 13:00:00,63.8,55,86,439
8877689391,2016-04-20 14:00:00,61.0,51,92,419
8877689391,2016-04-20 15:00:00,63.8,53,104,444
8877689391,2016-04-20 16:00:00,69.3,51,107,454
8877689391,2016-04-20 17:00:00,99.7,55,160,633
8877689391,2016-04-20 18:00:00,157.7,64,173,1128
8877689391,2016-04-20 19:00:00,90.4,74,113,435
8877689391,2016-04-20 20:00:00,81.1,69,100,424
8877689391,2016-04-20 21:00:00,78.6,65,101,439
8877689391,2016-04-20 22:00:00,70.8,61,83,135
8877689391,2016-04-21 06:00:00,80.6,68,98,40
8877689391,2016-04-21 07:00:00,69.6,55,98,434
8877689391,2016-04-21 08:00:00,62.9,53,77,398
8877689391,2016-04-21 09:00:00,64.8,54,96,392
8877689391,2016-04-21 10:00:00,62.3,53,83,426
8877689391,2016-04-21 11:00:00,68.7,55,102,447
8877689391,2016-04-21 12:00:00,67.7,54,89,442
8877689391,2016-04-21 13:00:00,73.7,61,137,422
8877689391,2016-04-21 14:00:00,67.7,59,95,394
8877689391,2016-04-21 15:00:00,132.3,63,166,890
8877689391,2016-04-21 16:00:00,143.2,75,170,863
8877689391,2016-04-21 17:00:00,86.5,61,116,478
8877689391,2016-04-21 18:00:00,86.6,63,117,432
8877689391,2016-04-21 19:00:00,72.6,62,95,436
8877689391,2016-04-21 20:00:00,70.0,61,89,420
8877689391,2016-04-21 21:00:00,75.4,64,98,346
8877689391,2016-04-21 22:00:00,76.6,64,107,322
8877689391,2016-04-22 06:00:00,78.4,70,108,140
8877689391,2016-04-22 07:00:00,70.0,52,112,418
8877689391,2016-04-22 08:00:00,64.5,51,114,469
8877689391,2016-04-22 09:00:00,64.3,52,110,418
8877689391,2016-04-22 10:00:00,64.2,54,100,429
8877689391,2016-04-22 11:00:00,64.2,53,87,404
8877689391,2016-04-22 12:00:00,62.3,52,87,436
8877689391,2016-04-22 13:00:00,63.5,52,103,436
8877689391,2016-04-22 14:00:00,64.4,51,109,429
8877689391,2016-04-22 15:00:00,65.8,51,107,455
8877689391,2016-04-22 16:00:00,68.4,47,115,433
8877689391,2016-04-22 17:00:00,76.9,59,111,436
8877689391,2016-04-22 18:00:00,140.2,63,163,1149
8877689391,2016-04-22 19:00:00,117.2,59,151,661
8877689391,2016-04-22 20:00:00,79.2,68,96,437
8877689391,2016-04-22 21:00:00,74.7,63,96,419
8877689391,2016-04-22 22:00:00,69.5,57,91,316
8877689391,2016-04-23 07:00:00,63.5,53,114,290
8877689391,2016-04-23 08:00:00,71.7,54,103,443
8877689391,2016-04-23 09:00:00,74.4,55,99,415
8877689391,2016-04-23 10:00:00,73.0,58,89,423
8877689391,2016-04-23 11:00:00,77.0,58,99,438
8877689391,2016-04-23 12:00:00,122.8,73,156,1393
8877689391,2016-04-23 13:00:00,130.9,99,165,1880
8877689391,2016-04-23 14:00:00,104.5,70,145,560
8877689391,2016-04-23 15:00:00,82.6,71,108,403
8877689391,2016-04-23 16:00:00,69.5,56,100,447
8877689391,2016-04-23 17:00:00,70.2,57,95,433
8877689391,2016-04-23 18:00:00,75.2,60,108,510
8877689391,2016-04-23 19:00:00,72.5,55,102,467
8877689391,2016-04-23 20:00:00,71.5,56,93,461
8877689391,2016-04-23 21:00:00,69.2,57,95,480
8877689391,2016-04-23 22:00:00,67.6,60,85,182
8877689391,2016-04-24 07:00:00,69.7,57,97,110
8877689391,2016-04-24 08:00:00,67.9,51,100,429
8877689391,2016-04-24 09:00:00,71.5,56,93,456
8877689391,2016-04-24 10:00:00,66.9,54,99,443
8877689391,2016-04-24 11:00:00,67.0,57,81,447
8877689391,2016-04-24 12:00:00,76.5,60,101,433
8877689391,2016-04-24 13:00:00,69.4,58,89,445
8877689391,2016-04-24 14:00:00,68.5,59,90,448
8877689391,2016-04-24 15:00:00,73.6,58,104,445
8877689391,2016-04-24 16:00:00,63.3,56,79,490
8877689391,2016-04-24 17:00:00,156.4,58,171,1228
8877689391,2016-04-24 18:00:00,107.0,75,167,420
8877689391,2016-04-24 19:00:00,75.8,63,96,422
8877689391,2016-04-24 20:00:00,72.6,64,92,453
8877689391,2016-04-24 21:00:00,70.6,58,92,431
8877689391,2016-04-25 06:00:00,78.0,63,113,141
8877689391,2016-04-25 07:00:00,68.9,56,91,430
8877689391,2016-04-25 08:00:00,66.0,51,98,459
8877689391,2016-04-25 09:00:00,66.3,50,102,441
8877689391,2016-04-25 10:00:00,69.9,53,125,442
8877689391,2016-04-25 11:00:00,63.9,49,103,448
8877689391,2016-04-25 12:00:00,105.2,54,176,483
8877689391,2016-04-25 13:00:00,73.5,52,153,473
8877689391,2016-04-25 14:00:00,62.3,52,102,428
8877689391,2016-04-25 15:00:00,57.2,52,70,427
8877689391,2016-04-25 16:00:00,67.4,51,107,448
8877689391,2016-04-25 17:00:00,69.4,55,92,430
8877689391,2016-04-25 18:00:00,127.5,68,152,1766
8877689391,2016-04-25 19:00:00,125.0,51,163,1304
8877689391,2016-04-25 20:00:00,79.5,62,98,458
8877689391,2016-04-25 21:00:00,73.5,61,88,456
8877689391,2016-04-25 22:00:00,78.5,66,97,278
8877689391,2016-04-26 06:00:00,77.9,66,95,30
8877689391,2016-04-26 07:00:00,68.8,59,99,410
8877689391,2016-04-26 08:00:00,66.1,53,100,437
8877689391,2016-04-26 09:00:00,62.0,49,83,442
8877689391,2016-04-26 10:00:00,62.2,53,96,464
8877689391,2016-04-26 11:00:00,70.5,53,102,440
8877689391,2016-04-26 12:00:00,77.7,52,123,469
8877689391,2016-04-26 13:00:00,62.8,53,92,407
8877689391,2016-04-26 14:00:00,59.6,50,87,397
8877689391,2016-04-26 15:00:00,60.3,51,87,420
8877689391,2016-04-26 16:00:00,68.3,53,109,473
8877689391,2016-04-26 17:00:00,65.8,54,85,401
8877689391,2016-04-26 18:00:00,72.2,54,93,380
8877689391,2016-04-26 19:00:00,66.7,57,116,333
8877689391,2016-04-26 20:00:00,76.0,54,125,442
8877689391,2016-04-26 21:00:00,71.9,59,89,456
8877689391,2016-04-26 22:00:00,68.3,51,95,483
8877689391,2016-04-26 23:00:00,65.4,53,84,182
8877689391,2016-04-27 06:00:00,79.2,70,99,31
8877689391,2016-04-27 07:00:00,81.4,56,134,478
8877689391,2016-04-27 08:00:00,64.7,48,104,448
8877689391,2016-04-27 09:00:00,60.9,51,90,417
8877689391,2016-04-27 10:00:00,66.9,48,116,439
8877689391,2016-04-27 11:00:00,70.6,51,99,443
8877689391,2016-04-27 12:00:00,81.3,53,127,504
8877689391,2016-04-27 13:00:00,65.3,52,116,435
8877689391,2016-04-27 14:00:00,62.1,53,114,447
8877689391,2016-04-27 15:00:00,70.1,48,110,486
8877689391,2016-04-27 16:00:00,63.2,48,102,402
8877689391,2016-04-27 17:00:00,107.4,46,163,697
8877689391,2016-04-27 18:00:00,143.6,71,162,1203
8877689391,2016-04-27 19:00:00,77.5,58,106,394
8877689391,2016-04-27 20:00:00,76.4,66,109,399
8877689391,2016-04-27 21:00:00,73.3,58,96,445
8877689391,2016-04-27 22:00:00,72.2,57,105,323
8877689391,2016-04-28 06:00:00,84.8,65,96,59
8877689391,2016-04-28 07:00:00,69.3,56,96,433
8877689391,2016-04-28 08:00:00,58.6,50,94,429
8877689391,2016-04-28 09:00:00,58.8,51,95,422
8877689391,2016-04-28 10:00:00,59.2,47,91,430
8877689391,2016-04-28 11:00:00,60.7,48,96,434
8877689391,2016-04-28 12:00:00,92.9,54,153,505
8877689391,2016-04-28 13:00:00,58.1,51,71,427
8877689391,2016-04-28 14:00:00,61.7,51,97,438
8877689391,2016-04-28 15:00:00,64.7,52,97,449
8877689391,2016-04-28 16:00:00,69.3,52,113,437
8877689391,2016-04-28 17:00:00,67.0,48,90,411
8877689391,2016-04-28 18:00:00,75.6,47,110,437
8877689391,2016-04-28 19:00:00,73.2,52,111,484
8877689391,2016-04-28 20:00:00,61.3,52,87,436
8877689391,2016-04-28 21:00:00,65.4,53,90,419
8877689391,2016-04-28 22:00:00,63.7,55,92,197
8877689391,2016-04-29 06:00:00,78.9,67,96,33
8877689391,2016-04-29 07:00:00,66.4,55,101,431
8877689391,2016-04-29 08:00:00,59.7,52,78,425
8877689391,2016-04-29 09:00:00,60.1,49,115,454
8877689391,2016-04-29 10:00:00,59.5,51,86,404
8877689391,2016-04-29 11:00:00,62.8,53,95,476
8877689391,2016-04-29 12:00:00,76.7,47,131,469
8877689391,2016-04-29 13:00:00,62.7,52,99,441
8877689391,2016-04-29 14:00:00,60.7,52,85,421
8877689391,2016-04-29 15:00:00,60.2,50,87,401
8877689391,2016-04-29 16:00:00,60.7,48,99,399
8877689391,2016-04-29 17:00:00,62.5,49,83,408
8877689391,2016-04-29 18:00:00,71.0,50,124,412
8877689391,2016-04-29 19:00:00,69.4,59,124,408
8877689391,2016-04-29 20:00:00,64.3,56,121,404
8877689391,2016-04-29 21:00:00,66.1,57,98,411
8877689391,2016-04-29 22:00:00,65.6,54,83,439
8877689391,2016-04-29 23:00:00,65.8,60,77,138
8877689391,2016-04-30 07:00:00,78.1,65,88,72
8877689391,2016-04-30 08:00:00,62.3,49,76,436
8877689391,2016-04-30 09:00:00,61.4,50,90,459
8877689391,2016-04-30 10:00:00,65.2,49,99,461
8877689391,2016-04-30 11:00:00,75.3,59,118,451
8877689391,2016-04-30 12:00:00,72.6,52,102,420
8877689391,2016-04-30 13:00:00,143.4,66,167,1038
8877689391,2016-04-30 14:00:00,160.0,149,170,1417
8877689391,2016-04-30 15:00:00,137.4,63,169,710
8877689391,2016-04-30 16:00:00,81.8,72,91,416
8877689391,2016-04-30 17:00:00,80.5,62,91,373
8877689391,2016-04-30 18:00:00,78.0,54,94,432
8877689391,2016-04-30 19:00:00,74.9,66,94,401
8877689391,2016-04-30 20:00:00,70.0,60,83,377
8877689391,2016-04-30 21:00:00,69.4,58,81,450
8877689391,2016-04-30 22:00:00,66.4,58,85,153
8877689391,2016-05-01 08:00:00,92.7,64,145,80
8877689391,2016-05-01 09:00:00,79.9,55,127,504
8877689391,2016-05-01 10:00:00,75.6,57,117,477
8877689391,2016-05-01 11:00:00,70.1,54,89,442
8877689391,2016-05-01 12:00:00,67.8,55,109,506
8877689391,2016-05-01 13:00:00,71.8,57,92,473
8877689391,2016-05-01 14:00:00,60.0,49,75,432
8877689391,2016-05-01 15:00:00,61.5,48,92,468
8877689391,2016-05-01 16:00:00,69.6,52,94,451
8877689391,2016-05-01 17:00:00,70.4,59,93,480
8877689391,2016-05-01 18:00:00,78.0,62,108,438
8877689391,2016-05-01 19:00:00,69.4,60,113,470
8877689391,2016-05-01 20:00:00,73.1,56,108,466
8877689391,2016-05-01 21:00:00,65.3,55,87,296
8877689391,2016-05-02 06:00:00,81.0,70,100,42
8877689391,2016-05-02 07:00:00,68.9,57,86,456
8877689391,2016-05-02 08:00:00,62.1,51,97,457
8877689391,2016-05-02 09:00:00,63.7,52,100,433
8877689391,2016-05-02 10:00:00,64.2,53,108,471
8877689391,2016-05-02 11:00:00,61.0,47,92,431
8877689391,2016-05-02 12:00:00,62.3,56,81,135
8877689391,2016-05-02 19:00:00,76.3,66,90,102
8877689391,2016-05-02 20:00:00,73.2,64,91,386
8877689391,2016-05-02 21:00:00,73.0,70,77,15
8877689391,2016-05-03 06:00:00,83.6,69,102,57
8877689391,2016-05-03 07:00:00,71.7,56,110,446
8877689391,2016-05-03 08:00:00,65.3,55,98,463
8877689391,2016-05-03 09:00:00,67.7,54,118,427
8877689391,2016-05-03 10:00:00,63.0,50,108,466
8877689391,2016-05-03 11:00:00,68.0,53,150,428
8877689391,2016-05-03 12:00:00,76.3,55,132,461
8877689391,2016-05-03 13:00:00,62.8,54,78,441
8877689391,2016-05-03 14:00:00,60.5,54,74,406
8877689391,2016-05-03 15:00:00,64.1,49,107,437
8877689391,2016-05-03 16:00:00,59.9,51,85,437
8877689391,2016-05-03 17:00:00,69.3,51,112,427
8877689391,2016-05-03 18:00:00,65.4,54,101,423
8877689391,2016-05-03 19:00:00,70.6,48,101,482
8877689391,2016-05-03 20:00:00,65.9,54,96,463
8877689391,2016-05-03 21:00:00,68.0,53,102,500
8877689391,2016-05-03 22:00:00,80.0,57,128,369
8877689391,2016-05-04 06:00:00,78.6,65,122,101
8877689391,2016-05-04 07:00:00,71.4,61,93,415
8877689391,2016-05-04 08:00:00,67.6,57,95,430
8877689391,2016-05-04 09:00:00,69.7,61,94,407
8877689391,2016-05-04 10:00:00,69.7,59,91,413
8877689391,2016-05-04 11:00:00,70.7,58,84,405
8877689391,2016-05-04 12:00:00,69.6,61,84,347
8877689391,2016-05-04 13:00:00,67.1,60,78,405
8877689391,2016-05-04 14:00:00,67.3,57,79,388
8877689391,2016-05-04 15:00:00,63.8,56,81,366
8877689391,2016-05-04 16:00:00,100.3,58,160,594
8877689391,2016-05-04 17:00:00,146.9,76,168,1332
8877689391,2016-05-04 18:00:00,83.3,68,112,326
8877689391,2016-05-04 19:00:00,82.7,65,103,492
8877689391,2016-05-04 20:00:00,80.2,70,94,485
8877689391,2016-05-04 21:00:00,71.5,62,105,285
8877689391,2016-05-05 07:00:00,74.1,59,97,256
8877689391,2016-05-05 08:00:00,67.2,54,87,416
8877689391,2016-05-05 09:00:00,71.3,53,105,447
8877689391,2016-05-05 10:00:00,89.8,60,127,530
8877689391,2016-05-05 11:00:00,77.5,54,142,448
8877689391,2016-05-05 12:00:00,78.4,58,121,462
8877689391,2016-05-05 13:00:00,65.2,56,78,413
8877689391,2016-05-05 14:00:00,67.6,57,93,389
8877689391,2016-05-05 15:00:00,75.6,61,110,414
8877689391,2016-05-05 16:00:00,73.6,65,91,348
8877689391,2016-05-05 17:00:00,72.4,64,84,339
8877689391,2016-05-05 18:00:00,77.1,61,121,411
8877689391,2016-05-05 19:00:00,69.3,56,107,369
8877689391,2016-05-05 20:00:00,65.1,56,81,384
8877689391,2016-05-05 21:00:00,63.4,53,91,423
8877689391,2016-05-05 22:00:00,64.2,55,76,43
8877689391,2016-05-06 06:00:00,80.8,66,96,68
8877689391,2016-05-06 07:00:00,76.4,59,108,480
8877689391,2016-05-06 08:00:00,70.2,52,111,459
8877689391,2016-05-06 09:00:00,67.6,51,116,431
8877689391,2016-05-06 10:00:00,61.4,53,89,422
8877689391,2016-05-06 11:00:00,69.1,47,118,433
8877689391,2016-05-06 12:00:00,82.2,53,122,441
8877689391,2016-05-06 13:00:00,72.1,54,101,411
8877689391,2016-05-06 14:00:00,151.4,93,177,1449
8877689391,2016-05-06 15:00:00,93.3,66,128,421
8877689391,2016-05-06 16:00:00,101.5,76,129,465
8877689391,2016-05-06 17:00:00,91.8,74,110,411
8877689391,2016-05-06 18:00:00,86.3,72,104,451
8877689391,2016-05-06 19:00:00,88.3,65,104,225
8877689391,2016-05-06 20:00:00,78.4,70,94,431
8877689391,2016-05-06 21:00:00,75.9,65,96,431
8877689391,2016-05-06 22:00:00,74.3,69,94,233
8877689391,2016-05-07 08:00:00,78.6,58,93,285
8877689391,2016-05-07 09:00:00,80.7,57,105,477
8877689391,2016-05-07 10:00:00,79.3,56,104,466
8877689391,2016-05-07 11:00:00,72.4,58,93,468
8877689391,2016-05-07 12:00:00,138.3,74,166,1392
8877689391,2016-05-07 13:00:00,137.3,109,164,1876
8877689391,2016-05-07 14:00:00,88.1,70,134,372
8877689391,2016-05-07 15:00:00,82.4,70,104,422
8877689391,2016-05-07 16:00:00,74.0,56,89,452
8877689391,2016-05-07 17:00:00,75.0,59,113,479
8877689391,2016-05-07 18:00:00,76.3,62,102,448
8877689391,2016-05-07 19:00:00,79.8,69,97,427
8877689391,2016-05-07 20:00:00,78.8,65,104,463
8877689391,2016-05-07 21:00:00,78.2,66,96,450
8877689391,2016-05-07 22:00:00,89.0,64,121,222
8877689391,2016-05-08 07:00:00,81.0,63,101,156
8877689391,2016-05-08 08:00:00,72.0,60,103,439
8877689391,2016-05-08 09:00:00,67.7,55,87,456
8877689391,2016-05-08 10:00:00,65.0,54,74,457
8877689391,2016-05-08 11:00:00,68.8,55,110,469
8877689391,2016-05-08 12:00:00,70.3,57,109,418
8877689391,2016-05-08 13:00:00,68.7,56,89,453
8877689391,2016-05-08 14:00:00,73.1,64,101,484
8877689391,2016-05-08 15:00:00,76.6,62,112,469
8877689391,2016-05-08 16:00:00,73.9,61,95,426
8877689391,2016-05-08 17:00:00,80.8,59,137,484
8877689391,2016-05-08 18:00:00,73.1,56,131,473
8877689391,2016-05-08 19:00:00,68.2,58,84,395
8877689391,2016-05-08 20:00:00,68.3,58,101,428
8877689391,2016-05-08 21:00:00,86.7,62,124,396
8877689391,2016-05-09 06:00:00,88.1,68,124,137
8877689391,2016-05-09 07:00:00,71.0,58,96,417
8877689391,2016-05-09 08:00:00,65.2,52,96,461
8877689391,2016-05-09 09:00:00,63.8,51,113,406
8877689391,2016-05-09 10:00:00,64.0,51,91,446
8877689391,2016-05-09 11:00:00,76.4,53,113,485
8877689391,2016-05-09 12:00:00,79.4,55,136,495
8877689391,2016-05-09 13:00:00,67.6,54,109,452
8877689391,2016-05-09 14:00:00,68.1,55,97,436
8877689391,2016-05-09 15:00:00,71.0,55,105,443
8877689391,2016-05-09 16:00:00,148.1,70,173,1096
8877689391,2016-05-09 17:00:00,134.3,77,176,625
8877689391,2016-05-09 18:00:00,84.8,66,98,389
8877689391,2016-05-09 19:00:00,86.6,75,111,419
8877689391,2016-05-09 20:00:00,83.4,73,101,403
8877689391,2016-05-09 21:00:00,76.4,64,93,420
8877689391,2016-05-09 22:00:00,81.1,68,88,82
8877689391,2016-05-10 06:00:00,79.6,70,87,37
8877689391,2016-05-10 07:00:00,72.1,59,90,458
8877689391,2016-05-10 08:00:00,67.5,53,105,445
8877689391,2016-05-10 09:00:00,65.3,50,99,405
8877689391,2016-05-10 10:00:00,74.1,58,131,463
8877689391,2016-05-10 11:00:00,68.4,57,103,411
8877689391,2016-05-10 12:00:00,86.0,55,141,459
8877689391,2016-05-10 13:00:00,66.2,56,102,443
8877689391,2016-05-10 14:00:00,63.5,53,87,433
8877689391,2016-05-10 15:00:00,62.8,53,95,429
8877689391,2016-05-10 16:00:00,70.0,54,91,407
8877689391,2016-05-10 17:00:00,72.6,63,88,386
8877689391,2016-05-10 18:00:00,72.7,57,99,365
8877689391,2016-05-10 19:00:00,70.3,60,80,405
8877689391,2016-05-10 20:00:00,83.3,61,141,467
8877689391,2016-05-10 21:00:00,78.9,64,112,229
8877689391,2016-05-11 06:00:00,77.1,63,85,25
8877689391,2016-05-11 07:00:00,69.2,57,95,443
8877689391,2016-05-11 08:00:00,66.8,53,105,524
8877689391,2016-05-11 09:00:00,67.2,53,102,445
8877689391,2016-05-11 10:00:00,64.6,55,85,444
8877689391,2016-05-11 11:00:00,72.2,50,104,438
8877689391,2016-05-11 12:00:00,103.7,58,169,535
8877689391,2016-05-11 13:00:00,64.1,52,114,429
8877689391,2016-05-11 14:00:00,57.5,53,73,394
8877689391,2016-05-11 15:00:00,61.4,48,98,416
8877689391,2016-05-11 16:00:00,110.5,50,163,717
8877689391,2016-05-11 17:00:00,161.5,90,180,1100
8877689391,2016-05-11 18:00:00,85.6,65,108,418
8877689391,2016-05-11 19:00:00,83.7,72,102,440
8877689391,2016-05-11 20:00:00,80.3,69,101,469
8877689391,2016-05-11 21:00:00,74.8,66,90,446
8877689391,2016-05-11 22:00:00,69.1,59,83,230
8877689391,2016-05-12 06:00:00,88.6,68,99,105
8877689391,2016-05-12 07:00:00,74.8,60,95,434
8877689391,2016-05-12 08:00:00,65.9,53,103,434
8877689391,2016-05-12 09:00:00,63.5,56,101,461
8877689391,2016-05-12 10:00:00,68.7,58,119,394
8877689391,2016-05-12 11:00:00,72.0,54,102,465
8877689391,2016-05-12 12:00:00,87.6,60,122,462
8877689391,2016-05-12 13:00:00,64.7,54,99,427
8877689391,2016-05-12 14:00:00,64.6,53,115,329
